/**
 * Copyright (c) 2006 <96> 2016 MStar Semiconductor, Inc.
 * This program is free software. You can redistribute it and/or modify it under the terms of the GNU General Public License as published by the Free Software Foundation; either version 2 of the License, or (at your option) any later version.
 *
 * This program is distributed in the hope that it will be useful, but WITHOUT ANY WARRANTY; without even the implied warranty of MERCHANTABILITY or FITNESS FOR A PARTICULAR PURPOSE. See the GNU General Public License for more details.
 *
 * You should have received a copy of the GNU General Public License along with this program; if not, write to the Free Software Foundation, Inc., 59 Temple Place - Suite 330, Boston, MA 02111-1307, USA.
 */

#define MST_CODEC_PM1_ADDR     0x0000
#define MST_CODEC_PM1_SIZE     0x2E59

BYTE code mst_codec_pm1[]=
{   //PM 1 Addr: 0x0000-0x0FFF[0x1000] Len=0x0F73(words)/11865(bytes)
    0x01, 0x01, 0x00, 0x00, 0x59, 0x2E,

    //start:0x000000, len:121(words), 363(bytes)
    0x3F, 0x06, 0x18, 0x1F, 0x00, 0x0A, 0x1F, 0x00, 0x0A, 0x1F, 0x00, 0x0A,
    0x30, 0x00, 0x0C, 0x0F, 0xBE, 0x18, 0x1F, 0x00, 0x0A, 0x1F, 0x00, 0x0A,
    0x30, 0x00, 0x0C, 0x6F, 0xC2, 0x18, 0x1F, 0x00, 0x0A, 0x1F, 0x00, 0x0A,
    0x30, 0x00, 0x0C, 0xEF, 0x8C, 0x18, 0x1F, 0x00, 0x0A, 0x1F, 0x00, 0x0A,
    0x30, 0x00, 0x0C, 0x1F, 0x00, 0x0A, 0x1F, 0x00, 0x0A, 0x1F, 0x00, 0x0A,
    0x30, 0x00, 0x0C, 0x1F, 0x00, 0x0A, 0x1F, 0x00, 0x0A, 0x1F, 0x00, 0x0A,
    0x30, 0x00, 0x0C, 0x1F, 0x00, 0x0A, 0x1F, 0x00, 0x0A, 0x1F, 0x00, 0x0A,
    0x30, 0x00, 0x0C, 0x3F, 0x6E, 0x18, 0x1F, 0x00, 0x0A, 0x1F, 0x00, 0x0A,
    0x30, 0x00, 0x0C, 0xFF, 0x8D, 0x18, 0x1F, 0x00, 0x0A, 0x1F, 0x00, 0x0A,
    0x30, 0x00, 0x0C, 0x2F, 0x8E, 0x18, 0x1F, 0x00, 0x0A, 0x1F, 0x00, 0x0A,
    0x30, 0x00, 0x0C, 0xCF, 0x88, 0x18, 0x1F, 0x00, 0x0A, 0x1F, 0x00, 0x0A,
    0x30, 0x00, 0x0C, 0x1F, 0x00, 0x0A, 0x1F, 0x00, 0x0A, 0x1F, 0x00, 0x0A,
    0xCA, 0x07, 0x8B, 0x04, 0xF0, 0x4F, 0x0F, 0x82, 0x27, 0xCF, 0x2A, 0x22,
    0xF4, 0x0F, 0x40, 0x0F, 0x82, 0x23, 0x0F, 0xB2, 0x23, 0xCA, 0x07, 0x9B,
    0x5F, 0x03, 0x1C, 0x05, 0x75, 0x33, 0x4F, 0x00, 0x0B, 0xC0, 0x76, 0xA3,
    0x4F, 0x03, 0x1C, 0x02, 0x80, 0x07, 0x1F, 0x58, 0x1C, 0x02, 0x80, 0x07,
    0x5F, 0x10, 0x1C, 0xCF, 0x02, 0x1C, 0x02, 0x80, 0x07, 0x6F, 0x70, 0x1C,
    0xE0, 0x76, 0xA3, 0xBF, 0x02, 0x1C, 0xDA, 0x7E, 0x83, 0xAA, 0x7A, 0x2A,
    0x02, 0x80, 0x07, 0xA1, 0x32, 0x1C, 0x02, 0x80, 0x07, 0xEF, 0x59, 0x1C,
    0x4F, 0xFE, 0x1B, 0x09, 0x00, 0x40, 0x08, 0x00, 0x40, 0x04, 0x00, 0xA0,
    0x15, 0x00, 0xA0, 0xF6, 0xFF, 0xAF, 0xE7, 0xFF, 0xAF, 0x04, 0x00, 0xB0,
    0x15, 0x00, 0xB0, 0xF6, 0xFF, 0xBF, 0xE7, 0xFF, 0xBF, 0x08, 0x00, 0xA0,
    0x09, 0x00, 0xA0, 0x0A, 0x00, 0xA0, 0x0B, 0x00, 0xA0, 0x08, 0x00, 0xB0,
    0x09, 0x00, 0xB0, 0x0A, 0x00, 0xB0, 0x0B, 0x00, 0xB0, 0x0F, 0x00, 0x0A,
    0x00, 0x00, 0x00, 0x0F, 0x00, 0x0A, 0x9F, 0xFD, 0x1B, 0x40, 0x00, 0x04,
    0x02, 0x80, 0x07, 0x3F, 0x57, 0x1C, 0x7F, 0xFE, 0x1F, 0x02, 0x80, 0x07,
    0x0F, 0x00, 0x1C, 0x02, 0x80, 0x07, 0xAF, 0x55, 0x1C, 0x60, 0x00, 0x04,
    0x4F, 0xFC, 0x1B, 0xEA, 0x78, 0x83, 0xBA, 0x76, 0x93, 0x0F, 0x00, 0x0A,
    0xEA, 0x78, 0x83, 0xB4, 0x76, 0x83, 0x0F, 0xE2, 0x22, 0xA1, 0x00, 0x68,
    0x40, 0x00, 0x60, 0x0F, 0xE2, 0x26, 0x04, 0x00, 0x22, 0xA0, 0x00, 0x68,
    0x0F, 0x00, 0x0A,

    //start:0x000079, len:151(words), 453(bytes)
    0xE1, 0x6C, 0x83, 0xBF, 0x6C, 0x83, 0x04, 0x0F, 0x0F, 0x2A, 0x80, 0x07,
    0xA6, 0xAA, 0x4A, 0x0F, 0x27, 0x20, 0x54, 0x6C, 0x83, 0x85, 0x6C, 0x83,
    0x0F, 0x64, 0x22, 0x0F, 0x6A, 0x22, 0x04, 0x6D, 0x83, 0x0F, 0xE2, 0x22,
    0x0A, 0xE2, 0x2B, 0x05, 0x06, 0x40, 0x0F, 0xEA, 0x22, 0x64, 0x00, 0x18,
    0x0F, 0x78, 0x26, 0x75, 0x00, 0x18, 0x3F, 0x81, 0x23, 0x5F, 0xA2, 0x23,
    0x6F, 0x00, 0x18, 0x3F, 0x81, 0x23, 0x7F, 0x82, 0x23, 0x3F, 0x00, 0x18,
    0x1F, 0xA1, 0x23, 0x7F, 0x82, 0x23, 0xEA, 0x6C, 0x93, 0x0F, 0x00, 0x0A,
    0xFA, 0x6C, 0x83, 0x0F, 0x7A, 0x26, 0x00, 0x00, 0x0A, 0x09, 0x08, 0xB0,
    0x01, 0x80, 0x07, 0x0F, 0x40, 0x41, 0x01, 0x80, 0x07, 0x05, 0x80, 0x43,
    0xE1, 0x6C, 0x83, 0x1F, 0x81, 0x27, 0xE1, 0x00, 0x18, 0x5A, 0x6C, 0x83,
    0x5F, 0x62, 0x22, 0xDF, 0xEA, 0x26, 0x75, 0x00, 0x18, 0x5A, 0x6C, 0x93,
    0x45, 0x6C, 0x33, 0xC5, 0x00, 0x78, 0xB5, 0x00, 0x78, 0x4D, 0x6C, 0x33,
    0x4F, 0x00, 0x18, 0xCA, 0x6C, 0x83, 0xCF, 0x2A, 0x22, 0xCA, 0x6C, 0x93,
    0xAA, 0x07, 0x8A, 0x5F, 0x8A, 0x27, 0x61, 0x02, 0x18, 0xBA, 0x6C, 0x83,
    0x9F, 0x81, 0x27, 0x31, 0x01, 0x18, 0x50, 0x6C, 0x83, 0x5F, 0xE8, 0x26,
    0x04, 0x02, 0x18, 0xA4, 0x3F, 0x42, 0x0F, 0xE2, 0x26, 0xD5, 0x01, 0x18,
    0x3A, 0x6C, 0x83, 0x2F, 0xA2, 0x23, 0xDF, 0xBA, 0x23, 0xA0, 0x6C, 0x83,
    0xB0, 0x07, 0x9A, 0xCA, 0x07, 0x9A, 0x60, 0x00, 0x40, 0xD0, 0x07, 0x9A,
    0xE0, 0x02, 0x40, 0xA0, 0x07, 0x9A, 0x9F, 0xA1, 0x23, 0x0F, 0x01, 0x18,
    0x64, 0x00, 0x40, 0x0F, 0x62, 0x22, 0xBA, 0x6C, 0x93, 0x5A, 0x6C, 0x83,
    0x5F, 0xEA, 0x22, 0x5A, 0x6C, 0x93, 0x35, 0x6C, 0x33, 0x07, 0x02, 0xB0,
    0xAA, 0x6C, 0x83, 0x0F, 0x62, 0x22, 0xC7, 0xEA, 0x56, 0x05, 0x7F, 0x22,
    0x3D, 0x6C, 0x33, 0xAA, 0x6C, 0x93, 0xBF, 0x81, 0x23, 0x1A, 0x00, 0x0D,
    0x5F, 0x81, 0x27, 0xD1, 0x00, 0x18, 0x8A, 0x6C, 0x83, 0x5F, 0xE2, 0x22,
    0x74, 0x00, 0x18, 0x8A, 0x6C, 0x93, 0x65, 0x6C, 0x33, 0xC5, 0x00, 0x70,
    0xB5, 0x00, 0x70, 0x6D, 0x6C, 0x33, 0x5F, 0x00, 0x18, 0xDA, 0x6C, 0x83,
    0xCF, 0x2A, 0x22, 0xDA, 0x6C, 0x93, 0x0F, 0x98, 0x20, 0xA0, 0x07, 0x8A,
    0x5F, 0x88, 0x27, 0x71, 0x02, 0x18, 0xB0, 0x6C, 0x83, 0xDF, 0x81, 0x27,
    0x41, 0x01, 0x18, 0x64, 0x00, 0x40, 0x0F, 0xE0, 0x22, 0x14, 0x02, 0x18,
    0x80, 0x6C, 0x83, 0x04, 0x06, 0x40, 0x0F, 0xE0, 0x22, 0xD5, 0x01, 0x18,
    0x7A, 0x6C, 0x83, 0x04, 0x00, 0x48, 0x0F, 0x62, 0x22, 0x90, 0x6C, 0x83,
    0xB0, 0x07, 0x9A, 0xCA, 0x07, 0x9A, 0x60, 0x00, 0x40, 0xD0, 0x07, 0x9A,
    0xE0, 0x02, 0x40, 0xA0, 0x07, 0x9A, 0xDF, 0xA1, 0x23, 0x0F, 0x01, 0x18,
    0x64, 0x00, 0x40, 0x0F, 0xE0, 0x22, 0xBA, 0x6C, 0x93, 0x80, 0x6C, 0x83,
    0x5F, 0x68, 0x22, 0x8A, 0x6C, 0x93, 0x75, 0x6C, 0x33, 0x07, 0x02, 0xB0,
    0x9A, 0x6C, 0x83, 0x0F, 0x62, 0x22, 0xE7, 0xEA, 0x56, 0x05, 0x7F, 0x22,
    0x7D, 0x6C, 0x33, 0x9A, 0x6C, 0x93, 0xFF, 0x81, 0x23, 0x1A, 0x00, 0x0D,
    0xE1, 0x6C, 0x93, 0x09, 0x00, 0xB0, 0x0F, 0x00, 0x0A,

    //start:0x000110, len:116(words), 348(bytes)
    0x3A, 0x77, 0x83, 0x0F, 0x7A, 0x26, 0x00, 0x00, 0x0A, 0xDA, 0x7D, 0x83,
    0x5F, 0x62, 0x22, 0x9F, 0xEA, 0x26, 0x54, 0x00, 0x18, 0x2A, 0x83, 0x83,
    0xCF, 0x2A, 0x22, 0x2A, 0x83, 0x93, 0x9F, 0x01, 0x18, 0xDA, 0x7D, 0x93,
    0x05, 0x77, 0x33, 0x09, 0x00, 0xB0, 0x25, 0x00, 0x70, 0x35, 0x00, 0x70,
    0xA1, 0x03, 0x0D, 0x00, 0x20, 0x0C, 0x06, 0x6C, 0x83, 0x0F, 0x20, 0x20,
    0x2C, 0x21, 0x28, 0x3C, 0x00, 0x0D, 0x1A, 0x0C, 0x0D, 0x49, 0x77, 0x83,
    0x0F, 0x42, 0x0E, 0x4F, 0x6F, 0x22, 0x4A, 0x6A, 0x22, 0x2A, 0x43, 0x10,
    0x4F, 0x6F, 0x22, 0x4A, 0x6A, 0x22, 0xF5, 0x7D, 0x33, 0x09, 0x04, 0xB0,
    0x25, 0x00, 0x78, 0xA5, 0x00, 0x78, 0xFD, 0x7D, 0x33, 0xAA, 0x07, 0x8A,
    0x5F, 0x8A, 0x27, 0x01, 0x00, 0x0A, 0x0A, 0x7E, 0x83, 0x0F, 0x7A, 0x26,
    0x11, 0x02, 0x18, 0xDA, 0x7D, 0x83, 0x5F, 0xEA, 0x22, 0x04, 0x00, 0x0A,
    0x80, 0x07, 0x8B, 0xA4, 0x06, 0x8B, 0x05, 0xC0, 0x40, 0x0F, 0xE0, 0x22,
    0x04, 0x6A, 0x22, 0x9F, 0x62, 0x22, 0xB4, 0x06, 0x8B, 0x0F, 0xE2, 0x26,
    0x54, 0x00, 0x18, 0x3A, 0x83, 0x83, 0xCF, 0x2A, 0x22, 0x3A, 0x83, 0x93,
    0x0F, 0x00, 0x0A, 0x1A, 0x00, 0x40, 0x0A, 0x7E, 0x93, 0x02, 0x80, 0x07,
    0x05, 0x00, 0x4B, 0x8A, 0x07, 0x8B, 0x0F, 0x6A, 0x22, 0xBA, 0x07, 0x9A,
    0xEA, 0x7D, 0x83, 0x2F, 0xA2, 0x23, 0xDF, 0xBA, 0x23, 0xCA, 0x07, 0x9A,
    0x4A, 0x00, 0x40, 0xDA, 0x07, 0x9A, 0x8A, 0x0A, 0x40, 0xAA, 0x07, 0x9A,
    0x0F, 0x00, 0x0A, 0x0A, 0x00, 0x40, 0x0A, 0x7E, 0x93, 0xE5, 0x7D, 0x33,
    0x09, 0x04, 0xB0, 0x05, 0x02, 0xB0, 0x15, 0x00, 0x09, 0xED, 0x7D, 0x33,
    0x09, 0x00, 0xB0, 0x15, 0x00, 0xB0, 0xDA, 0x7D, 0x83, 0x5F, 0xEA, 0x22,
    0xDA, 0x7D, 0x93, 0x8A, 0x07, 0x8B, 0x04, 0xC0, 0x40, 0x9F, 0x62, 0x22,
    0x0F, 0xE2, 0x26, 0x05, 0x18, 0x22, 0x8A, 0x07, 0x9B, 0x0F, 0x00, 0x0A,
    0x5A, 0x80, 0x83, 0x0F, 0x7A, 0x26, 0x00, 0x00, 0x0A, 0x45, 0x80, 0x33,
    0x09, 0x00, 0xB0, 0x25, 0x00, 0x70, 0x35, 0x00, 0x70, 0xA1, 0x03, 0x0D,
    0x00, 0x20, 0x0C, 0x26, 0x6C, 0x83, 0x0F, 0x20, 0x20, 0x2C, 0x21, 0x28,
    0x3C, 0x00, 0x0D, 0x1A, 0x0C, 0x0D, 0x69, 0x80, 0x83, 0x0F, 0x42, 0x0E,
    0x4F, 0x6F, 0x22, 0x4A, 0x6A, 0x22, 0x2A, 0x43, 0x10, 0x4F, 0x6F, 0x22,
    0x4A, 0x6A, 0x22, 0x4A, 0x05, 0x98, 0x52, 0x05, 0x98, 0x0F, 0x00, 0x0A,

    //start:0x000184, len:96(words), 288(bytes)
    0xAA, 0x78, 0x2A, 0x21, 0x01, 0x18, 0x65, 0x00, 0x70, 0x67, 0x82, 0x83,
    0x55, 0x80, 0x60, 0xFF, 0x6C, 0x0F, 0x44, 0xEE, 0x62, 0xE6, 0x8A, 0x68,
    0x5E, 0x64, 0x2A, 0xA7, 0x6A, 0x6A, 0xAD, 0x00, 0x68, 0x65, 0x00, 0x70,
    0x55, 0x80, 0x60, 0xFF, 0x6C, 0x0F, 0x44, 0xEE, 0x62, 0xE6, 0x8A, 0x68,
    0x5E, 0x64, 0x2A, 0xA4, 0x6A, 0x6A, 0xAE, 0x00, 0x68, 0xAD, 0x00, 0x60,
    0x68, 0x00, 0x60, 0x0F, 0x82, 0x20, 0x4C, 0x6C, 0x22, 0x4A, 0x6A, 0x22,
    0xA9, 0x00, 0x68, 0xAE, 0x00, 0x60, 0x68, 0x00, 0x60, 0x0F, 0x82, 0x20,
    0x4C, 0x6C, 0x22, 0x4A, 0x6A, 0x22, 0xA8, 0x00, 0x68, 0x0F, 0x00, 0x0A,
    0xAA, 0x78, 0x2A, 0xB1, 0x00, 0x18, 0x7F, 0x80, 0x07, 0xF6, 0xFF, 0x4F,
    0x67, 0x82, 0x83, 0x55, 0x80, 0x60, 0xFF, 0x6C, 0x0F, 0x44, 0xEE, 0x62,
    0xE6, 0x8A, 0x68, 0x5E, 0x64, 0x2A, 0xA4, 0x6A, 0x6A, 0xAC, 0x00, 0x68,
    0xFC, 0x00, 0x60, 0x68, 0x00, 0x60, 0x0F, 0x87, 0x20, 0x4C, 0x6C, 0x22,
    0x4A, 0x6A, 0x22, 0xA9, 0x00, 0x68, 0x68, 0x00, 0x60, 0x0F, 0x87, 0x20,
    0x4C, 0x6C, 0x22, 0x4A, 0x6A, 0x22, 0xA8, 0x00, 0x68, 0x0F, 0x00, 0x0A,
    0xCF, 0x0A, 0x27, 0x60, 0x00, 0x18, 0x5F, 0xE2, 0x26, 0x60, 0x00, 0x18,
    0x7F, 0x62, 0x26, 0x60, 0x00, 0x18, 0x0F, 0x00, 0x0A, 0xBC, 0x00, 0x0D,
    0x0F, 0x00, 0x0A, 0xCB, 0x00, 0x0D, 0x0F, 0x00, 0x0A, 0x4B, 0x6C, 0x22,
    0xCA, 0x00, 0x0D, 0xBA, 0x00, 0x0D, 0x0F, 0x00, 0x0A, 0x00, 0x08, 0x06,
    0x00, 0x10, 0x07, 0x00, 0x10, 0x07, 0x00, 0x10, 0x07, 0x00, 0x10, 0x07,
    0x00, 0x10, 0x07, 0x00, 0x10, 0x07, 0x00, 0x10, 0x07, 0x00, 0x10, 0x07,
    0x00, 0x10, 0x07, 0x00, 0x10, 0x07, 0x00, 0x10, 0x07, 0x00, 0x10, 0x07,
    0x00, 0x10, 0x07, 0x00, 0x10, 0x07, 0x00, 0x10, 0x07, 0x00, 0x10, 0x07,
    0x00, 0x10, 0x07, 0x00, 0x10, 0x07, 0x00, 0x10, 0x07, 0x00, 0x10, 0x07,
    0x00, 0x10, 0x07, 0x00, 0x10, 0x07, 0x00, 0x10, 0x07, 0x0F, 0x00, 0x0A,

    //start:0x0001E4, len:1308(words), 3924(bytes)
    0x00, 0x00, 0x00, 0x00, 0x00, 0x00, 0x00, 0x00, 0x00, 0x00, 0x00, 0x00,
    0x00, 0x00, 0x00, 0x00, 0x00, 0x00, 0x00, 0x00, 0x00, 0x00, 0x00, 0x00,
    0x00, 0x00, 0x00, 0x00, 0x00, 0x00, 0x00, 0x00, 0x00, 0x00, 0x00, 0x00,
    0x00, 0x00, 0x00, 0x00, 0x00, 0x00, 0x00, 0x00, 0x00, 0x00, 0x00, 0x00,
    0x00, 0x00, 0x00, 0x00, 0x00, 0x00, 0x00, 0x00, 0x00, 0x00, 0x00, 0x00,
    0x00, 0x00, 0x00, 0x00, 0x00, 0x00, 0x00, 0x00, 0x00, 0x00, 0x00, 0x00,
    0x00, 0x00, 0x00, 0x00, 0x00, 0x00, 0x00, 0x00, 0x00, 0x00, 0x00, 0x00,
    0x00, 0x00, 0x00, 0x00, 0x00, 0x00, 0x00, 0x00, 0x00, 0x00, 0x00, 0x00,
    0x00, 0x00, 0x00, 0x00, 0x00, 0x00, 0x00, 0x00, 0x00, 0x00, 0x00, 0x00,
    0x00, 0x00, 0x00, 0x00, 0x00, 0x00, 0x00, 0x00, 0x00, 0x00, 0x00, 0x00,
    0x00, 0x00, 0x00, 0x00, 0x00, 0x00, 0x00, 0x00, 0x00, 0x00, 0x00, 0x00,
    0x00, 0x00, 0x00, 0x00, 0x00, 0x00, 0x00, 0x00, 0x00, 0x00, 0x00, 0x00,
    0x00, 0x00, 0x00, 0x00, 0x00, 0x00, 0x00, 0x00, 0x00, 0x00, 0x00, 0x00,
    0x00, 0x00, 0x00, 0x00, 0x00, 0x00, 0x00, 0x00, 0x00, 0x00, 0x00, 0x00,
    0x00, 0x00, 0x00, 0x00, 0x00, 0x00, 0x00, 0x00, 0x00, 0x00, 0x00, 0x00,
    0x00, 0x00, 0x00, 0x00, 0x00, 0x00, 0x00, 0x00, 0x00, 0x00, 0x00, 0x00,
    0x00, 0x00, 0x00, 0x00, 0x00, 0x00, 0x00, 0x00, 0x00, 0x00, 0x00, 0x00,
    0x00, 0x00, 0x00, 0x00, 0x00, 0x00, 0x00, 0x00, 0x00, 0x00, 0x00, 0x00,
    0x00, 0x00, 0x00, 0x00, 0x00, 0x00, 0x00, 0x00, 0x00, 0x00, 0x00, 0x00,
    0x00, 0x00, 0x00, 0x00, 0x00, 0x00, 0x00, 0x00, 0x00, 0x00, 0x00, 0x00,
    0x00, 0x00, 0x00, 0x00, 0x00, 0x00, 0x00, 0x00, 0x00, 0x00, 0x00, 0x00,
    0x00, 0x00, 0x00, 0x00, 0x00, 0x00, 0x00, 0x00, 0x00, 0x00, 0x00, 0x00,
    0x00, 0x00, 0x00, 0x00, 0x00, 0x00, 0x00, 0x00, 0x00, 0x00, 0x00, 0x00,
    0x00, 0x00, 0x00, 0x00, 0x00, 0x00, 0x00, 0x00, 0x00, 0x00, 0x00, 0x00,
    0x00, 0x00, 0x00, 0x00, 0x00, 0x00, 0x00, 0x00, 0x00, 0x00, 0x00, 0x00,
    0x00, 0x00, 0x00, 0x00, 0x00, 0x00, 0x00, 0x00, 0x00, 0x00, 0x00, 0x00,
    0x00, 0x00, 0x00, 0x00, 0x00, 0x00, 0x00, 0x00, 0x00, 0x00, 0x00, 0x00,
    0x00, 0x00, 0x00, 0x00, 0x00, 0x00, 0x00, 0x00, 0x00, 0x00, 0x00, 0x00,
    0x00, 0x00, 0x00, 0x00, 0x00, 0x00, 0x00, 0x00, 0x00, 0x00, 0x00, 0x00,
    0x00, 0x00, 0x00, 0x00, 0x00, 0x00, 0x00, 0x00, 0x00, 0x00, 0x00, 0x00,
    0x00, 0x00, 0x00, 0x00, 0x00, 0x00, 0x00, 0x00, 0x00, 0x00, 0x00, 0x00,
    0x00, 0x00, 0x00, 0x00, 0x00, 0x00, 0x00, 0x00, 0x00, 0x00, 0x00, 0x00,
    0x00, 0x00, 0x00, 0x00, 0x00, 0x00, 0x00, 0x00, 0x00, 0x00, 0x00, 0x00,
    0x00, 0x00, 0x00, 0x00, 0x00, 0x00, 0x00, 0x00, 0x00, 0x00, 0x00, 0x00,
    0x00, 0x00, 0x00, 0x00, 0x00, 0x00, 0x00, 0x00, 0x00, 0x00, 0x00, 0x00,
    0x00, 0x00, 0x00, 0x00, 0x00, 0x00, 0x00, 0x00, 0x00, 0x00, 0x00, 0x00,
    0x00, 0x00, 0x00, 0x00, 0x00, 0x00, 0x00, 0x00, 0x00, 0x00, 0x00, 0x00,
    0x00, 0x00, 0x00, 0x00, 0x00, 0x00, 0x00, 0x00, 0x00, 0x00, 0x00, 0x00,
    0x00, 0x00, 0x00, 0x00, 0x00, 0x00, 0x00, 0x00, 0x00, 0x00, 0x00, 0x00,
    0x00, 0x00, 0x00, 0x00, 0x00, 0x00, 0x00, 0x00, 0x00, 0x00, 0x00, 0x00,
    0x00, 0x00, 0x00, 0x00, 0x00, 0x00, 0x00, 0x00, 0x00, 0x00, 0x00, 0x00,
    0x00, 0x00, 0x00, 0x00, 0x00, 0x00, 0x00, 0x00, 0x00, 0x00, 0x00, 0x00,
    0x00, 0x00, 0x00, 0x00, 0x00, 0x00, 0x00, 0x00, 0x00, 0x00, 0x00, 0x00,
    0x00, 0x00, 0x00, 0x00, 0x00, 0x00, 0x00, 0x00, 0x00, 0x00, 0x00, 0x00,
    0x00, 0x00, 0x00, 0x00, 0x00, 0x00, 0x00, 0x00, 0x00, 0x00, 0x00, 0x00,
    0x00, 0x00, 0x00, 0x00, 0x00, 0x00, 0x00, 0x00, 0x00, 0x00, 0x00, 0x00,
    0x00, 0x00, 0x00, 0x00, 0x00, 0x00, 0x00, 0x00, 0x00, 0x00, 0x00, 0x00,
    0x00, 0x00, 0x00, 0x00, 0x00, 0x00, 0x00, 0x00, 0x00, 0x00, 0x00, 0x00,
    0x00, 0x00, 0x00, 0x00, 0x00, 0x00, 0x00, 0x00, 0x00, 0x00, 0x00, 0x00,
    0x00, 0x00, 0x00, 0x00, 0x00, 0x00, 0x00, 0x00, 0x00, 0x00, 0x00, 0x00,
    0x00, 0x00, 0x00, 0x00, 0x00, 0x00, 0x00, 0x00, 0x00, 0x00, 0x00, 0x00,
    0x00, 0x00, 0x00, 0x00, 0x00, 0x00, 0x00, 0x00, 0x00, 0x00, 0x00, 0x00,
    0x00, 0x00, 0x00, 0x00, 0x00, 0x00, 0x00, 0x00, 0x00, 0x00, 0x00, 0x00,
    0x00, 0x00, 0x00, 0x00, 0x00, 0x00, 0x00, 0x00, 0x00, 0x00, 0x00, 0x00,
    0x00, 0x00, 0x00, 0x00, 0x00, 0x00, 0x00, 0x00, 0x00, 0x00, 0x00, 0x00,
    0x00, 0x00, 0x00, 0x00, 0x00, 0x00, 0x00, 0x00, 0x00, 0x00, 0x00, 0x00,
    0x00, 0x00, 0x00, 0x00, 0x00, 0x00, 0x00, 0x00, 0x00, 0x00, 0x00, 0x00,
    0x00, 0x00, 0x00, 0x00, 0x00, 0x00, 0x00, 0x00, 0x00, 0x00, 0x00, 0x00,
    0x00, 0x00, 0x00, 0x00, 0x00, 0x00, 0x00, 0x00, 0x00, 0x00, 0x00, 0x00,
    0x00, 0x00, 0x00, 0x00, 0x00, 0x00, 0x00, 0x00, 0x00, 0x00, 0x00, 0x00,
    0x00, 0x00, 0x00, 0x00, 0x00, 0x00, 0x00, 0x00, 0x00, 0x00, 0x00, 0x00,
    0x00, 0x00, 0x00, 0x00, 0x00, 0x00, 0x00, 0x00, 0x00, 0x00, 0x00, 0x00,
    0x00, 0x00, 0x00, 0x00, 0x00, 0x00, 0x00, 0x00, 0x00, 0x00, 0x00, 0x00,
    0x00, 0x00, 0x00, 0x00, 0x00, 0x00, 0x00, 0x00, 0x00, 0x00, 0x00, 0x00,
    0x00, 0x00, 0x00, 0x00, 0x00, 0x00, 0x00, 0x00, 0x00, 0x00, 0x00, 0x00,
    0x00, 0x00, 0x00, 0x00, 0x00, 0x00, 0x00, 0x00, 0x00, 0x00, 0x00, 0x00,
    0x00, 0x00, 0x00, 0x00, 0x00, 0x00, 0x00, 0x00, 0x00, 0x00, 0x00, 0x00,
    0x00, 0x00, 0x00, 0x00, 0x00, 0x00, 0x00, 0x00, 0x00, 0x00, 0x00, 0x00,
    0x00, 0x00, 0x00, 0x00, 0x00, 0x00, 0x00, 0x00, 0x00, 0x00, 0x00, 0x00,
    0x00, 0x00, 0x00, 0x00, 0x00, 0x00, 0x00, 0x00, 0x00, 0x00, 0x00, 0x00,
    0x00, 0x00, 0x00, 0x00, 0x00, 0x00, 0x00, 0x00, 0x00, 0x00, 0x00, 0x00,
    0x00, 0x00, 0x00, 0x00, 0x00, 0x00, 0x00, 0x00, 0x00, 0x00, 0x00, 0x00,
    0x00, 0x00, 0x00, 0x00, 0x00, 0x00, 0x00, 0x00, 0x00, 0x00, 0x00, 0x00,
    0x00, 0x00, 0x00, 0x00, 0x00, 0x00, 0x00, 0x00, 0x00, 0x00, 0x00, 0x00,
    0x00, 0x00, 0x00, 0x00, 0x00, 0x00, 0x00, 0x00, 0x00, 0x00, 0x00, 0x00,
    0x00, 0x00, 0x00, 0x00, 0x00, 0x00, 0x00, 0x00, 0x00, 0x00, 0x00, 0x00,
    0x00, 0x00, 0x00, 0x00, 0x00, 0x00, 0x00, 0x00, 0x00, 0x00, 0x00, 0x00,
    0x00, 0x00, 0x00, 0x00, 0x00, 0x00, 0x00, 0x00, 0x00, 0x00, 0x00, 0x00,
    0x00, 0x00, 0x00, 0x00, 0x00, 0x00, 0x00, 0x00, 0x00, 0x00, 0x00, 0x00,
    0x00, 0x00, 0x00, 0x00, 0x00, 0x00, 0x00, 0x00, 0x00, 0x00, 0x00, 0x00,
    0x00, 0x00, 0x00, 0x00, 0x00, 0x00, 0x00, 0x00, 0x00, 0x00, 0x00, 0x00,
    0x00, 0x00, 0x00, 0x00, 0x00, 0x00, 0x00, 0x00, 0x00, 0x00, 0x00, 0x00,
    0x00, 0x00, 0x00, 0x00, 0x00, 0x00, 0x00, 0x00, 0x00, 0x00, 0x00, 0x00,
    0x00, 0x00, 0x00, 0x00, 0x00, 0x00, 0x00, 0x00, 0x00, 0x00, 0x00, 0x00,
    0x00, 0x00, 0x00, 0x00, 0x00, 0x00, 0x00, 0x00, 0x00, 0x00, 0x00, 0x00,
    0x00, 0x00, 0x00, 0x00, 0x00, 0x00, 0x00, 0x00, 0x00, 0x00, 0x00, 0x00,
    0x00, 0x00, 0x00, 0x00, 0x00, 0x00, 0x00, 0x00, 0x00, 0x00, 0x00, 0x00,
    0x00, 0x00, 0x00, 0x00, 0x00, 0x00, 0x00, 0x00, 0x00, 0x00, 0x00, 0x00,
    0x00, 0x00, 0x00, 0x00, 0x00, 0x00, 0x00, 0x00, 0x00, 0x00, 0x00, 0x00,
    0x00, 0x00, 0x00, 0x00, 0x00, 0x00, 0x00, 0x00, 0x00, 0x00, 0x00, 0x00,
    0x00, 0x00, 0x00, 0x00, 0x00, 0x00, 0x00, 0x00, 0x00, 0x00, 0x00, 0x00,
    0x00, 0x00, 0x00, 0x00, 0x00, 0x00, 0x00, 0x00, 0x00, 0x00, 0x00, 0x00,
    0x00, 0x00, 0x00, 0x00, 0x00, 0x00, 0x00, 0x00, 0x00, 0x00, 0x00, 0x00,
    0x00, 0x00, 0x00, 0x00, 0x00, 0x00, 0x00, 0x00, 0x00, 0x00, 0x00, 0x00,
    0x00, 0x00, 0x00, 0x00, 0x00, 0x00, 0x00, 0x00, 0x00, 0x00, 0x00, 0x00,
    0x00, 0x00, 0x00, 0x00, 0x00, 0x00, 0x00, 0x00, 0x00, 0x00, 0x00, 0x00,
    0x00, 0x00, 0x00, 0x00, 0x00, 0x00, 0x00, 0x00, 0x00, 0x00, 0x00, 0x00,
    0x00, 0x00, 0x00, 0x00, 0x00, 0x00, 0x00, 0x00, 0x00, 0x00, 0x00, 0x00,
    0x00, 0x00, 0x00, 0x00, 0x00, 0x00, 0x00, 0x00, 0x00, 0x00, 0x00, 0x00,
    0x00, 0x00, 0x00, 0x00, 0x00, 0x00, 0x00, 0x00, 0x00, 0x00, 0x00, 0x00,
    0x00, 0x00, 0x00, 0x00, 0x00, 0x00, 0x00, 0x00, 0x00, 0x00, 0x00, 0x00,
    0x00, 0x00, 0x00, 0x00, 0x00, 0x00, 0x00, 0x00, 0x00, 0x00, 0x00, 0x00,
    0x00, 0x00, 0x00, 0x00, 0x00, 0x00, 0x00, 0x00, 0x00, 0x00, 0x00, 0x00,
    0x00, 0x00, 0x00, 0x00, 0x00, 0x00, 0x00, 0x00, 0x00, 0x00, 0x00, 0x00,
    0x00, 0x00, 0x00, 0x00, 0x00, 0x00, 0x00, 0x00, 0x00, 0x00, 0x00, 0x00,
    0x00, 0x00, 0x00, 0x00, 0x00, 0x00, 0x00, 0x00, 0x00, 0x00, 0x00, 0x00,
    0x00, 0x00, 0x00, 0x00, 0x00, 0x00, 0x00, 0x00, 0x00, 0x00, 0x00, 0x00,
    0x00, 0x00, 0x00, 0x00, 0x00, 0x00, 0x00, 0x00, 0x00, 0x00, 0x00, 0x00,
    0x00, 0x00, 0x00, 0x00, 0x00, 0x00, 0x00, 0x00, 0x00, 0x00, 0x00, 0x00,
    0x00, 0x00, 0x00, 0x00, 0x00, 0x00, 0x00, 0x00, 0x00, 0x00, 0x00, 0x00,
    0x00, 0x00, 0x00, 0x00, 0x00, 0x00, 0x00, 0x00, 0x00, 0x00, 0x00, 0x00,
    0x00, 0x00, 0x00, 0x00, 0x00, 0x00, 0x00, 0x00, 0x00, 0x00, 0x00, 0x00,
    0x00, 0x00, 0x00, 0x00, 0x00, 0x00, 0x00, 0x00, 0x00, 0x00, 0x00, 0x00,
    0x00, 0x00, 0x00, 0x00, 0x00, 0x00, 0x00, 0x00, 0x00, 0x00, 0x00, 0x00,
    0x00, 0x00, 0x00, 0x00, 0x00, 0x00, 0x00, 0x00, 0x00, 0x00, 0x00, 0x00,
    0x00, 0x00, 0x00, 0x00, 0x00, 0x00, 0x00, 0x00, 0x00, 0x00, 0x00, 0x00,
    0x00, 0x00, 0x00, 0x00, 0x00, 0x00, 0x00, 0x00, 0x00, 0x00, 0x00, 0x00,
    0x00, 0x00, 0x00, 0x00, 0x00, 0x00, 0x00, 0x00, 0x00, 0x00, 0x00, 0x00,
    0x00, 0x00, 0x00, 0x00, 0x00, 0x00, 0x00, 0x00, 0x00, 0x00, 0x00, 0x00,
    0x00, 0x00, 0x00, 0x00, 0x00, 0x00, 0x00, 0x00, 0x00, 0x00, 0x00, 0x00,
    0x00, 0x00, 0x00, 0x00, 0x00, 0x00, 0x00, 0x00, 0x00, 0x00, 0x00, 0x00,
    0x00, 0x00, 0x00, 0x00, 0x00, 0x00, 0x00, 0x00, 0x00, 0x00, 0x00, 0x00,
    0x00, 0x00, 0x00, 0x00, 0x00, 0x00, 0x00, 0x00, 0x00, 0x00, 0x00, 0x00,
    0x00, 0x00, 0x00, 0x00, 0x00, 0x00, 0x00, 0x00, 0x00, 0x00, 0x00, 0x00,
    0x00, 0x00, 0x00, 0x00, 0x00, 0x00, 0x00, 0x00, 0x00, 0x00, 0x00, 0x00,
    0x00, 0x00, 0x00, 0x00, 0x00, 0x00, 0x00, 0x00, 0x00, 0x00, 0x00, 0x00,
    0x00, 0x00, 0x00, 0x00, 0x00, 0x00, 0x00, 0x00, 0x00, 0x00, 0x00, 0x00,
    0x00, 0x00, 0x00, 0x00, 0x00, 0x00, 0x00, 0x00, 0x00, 0x00, 0x00, 0x00,
    0x00, 0x00, 0x00, 0x00, 0x00, 0x00, 0x00, 0x00, 0x00, 0x00, 0x00, 0x00,
    0x00, 0x00, 0x00, 0x00, 0x00, 0x00, 0x00, 0x00, 0x00, 0x00, 0x00, 0x00,
    0x00, 0x00, 0x00, 0x00, 0x00, 0x00, 0x00, 0x00, 0x00, 0x00, 0x00, 0x00,
    0x00, 0x00, 0x00, 0x00, 0x00, 0x00, 0x00, 0x00, 0x00, 0x00, 0x00, 0x00,
    0x00, 0x00, 0x00, 0x00, 0x00, 0x00, 0x00, 0x00, 0x00, 0x00, 0x00, 0x00,
    0x00, 0x00, 0x00, 0x00, 0x00, 0x00, 0x00, 0x00, 0x00, 0x00, 0x00, 0x00,
    0x00, 0x00, 0x00, 0x00, 0x00, 0x00, 0x00, 0x00, 0x00, 0x00, 0x00, 0x00,
    0x00, 0x00, 0x00, 0x00, 0x00, 0x00, 0x00, 0x00, 0x00, 0x00, 0x00, 0x00,
    0x00, 0x00, 0x00, 0x00, 0x00, 0x00, 0x00, 0x00, 0x00, 0x00, 0x00, 0x00,
    0x00, 0x00, 0x00, 0x00, 0x00, 0x00, 0x00, 0x00, 0x00, 0x00, 0x00, 0x00,
    0x00, 0x00, 0x00, 0x00, 0x00, 0x00, 0x00, 0x00, 0x00, 0x00, 0x00, 0x00,
    0x00, 0x00, 0x00, 0x00, 0x00, 0x00, 0x00, 0x00, 0x00, 0x00, 0x00, 0x00,
    0x00, 0x00, 0x00, 0x00, 0x00, 0x00, 0x00, 0x00, 0x00, 0x00, 0x00, 0x00,
    0x00, 0x00, 0x00, 0x00, 0x00, 0x00, 0x00, 0x00, 0x00, 0x00, 0x00, 0x00,
    0x00, 0x00, 0x00, 0x00, 0x00, 0x00, 0x00, 0x00, 0x00, 0x00, 0x00, 0x00,
    0x00, 0x00, 0x00, 0x00, 0x00, 0x00, 0x00, 0x00, 0x00, 0x00, 0x00, 0x00,
    0x00, 0x00, 0x00, 0x00, 0x00, 0x00, 0x00, 0x00, 0x00, 0x00, 0x00, 0x00,
    0x00, 0x00, 0x00, 0x00, 0x00, 0x00, 0x00, 0x00, 0x00, 0x00, 0x00, 0x00,
    0x00, 0x00, 0x00, 0x00, 0x00, 0x00, 0x00, 0x00, 0x00, 0x00, 0x00, 0x00,
    0x00, 0x00, 0x00, 0x00, 0x00, 0x00, 0x00, 0x00, 0x00, 0x00, 0x00, 0x00,
    0x00, 0x00, 0x00, 0x00, 0x00, 0x00, 0x00, 0x00, 0x00, 0x00, 0x00, 0x00,
    0x00, 0x00, 0x00, 0x00, 0x00, 0x00, 0x00, 0x00, 0x00, 0x00, 0x00, 0x00,
    0x00, 0x00, 0x00, 0x00, 0x00, 0x00, 0x00, 0x00, 0x00, 0x00, 0x00, 0x00,
    0x00, 0x00, 0x00, 0x00, 0x00, 0x00, 0x00, 0x00, 0x00, 0x00, 0x00, 0x00,
    0x00, 0x00, 0x00, 0x00, 0x00, 0x00, 0x00, 0x00, 0x00, 0x00, 0x00, 0x00,
    0x00, 0x00, 0x00, 0x00, 0x00, 0x00, 0x00, 0x00, 0x00, 0x00, 0x00, 0x00,
    0x00, 0x00, 0x00, 0x00, 0x00, 0x00, 0x00, 0x00, 0x00, 0x00, 0x00, 0x00,
    0x00, 0x00, 0x00, 0x00, 0x00, 0x00, 0x00, 0x00, 0x00, 0x00, 0x00, 0x00,
    0x00, 0x00, 0x00, 0x00, 0x00, 0x00, 0x00, 0x00, 0x00, 0x00, 0x00, 0x00,
    0x00, 0x00, 0x00, 0x00, 0x00, 0x00, 0x00, 0x00, 0x00, 0x00, 0x00, 0x00,
    0x00, 0x00, 0x00, 0x00, 0x00, 0x00, 0x00, 0x00, 0x00, 0x00, 0x00, 0x00,
    0x00, 0x00, 0x00, 0x00, 0x00, 0x00, 0x00, 0x00, 0x00, 0x00, 0x00, 0x00,
    0x00, 0x00, 0x00, 0x00, 0x00, 0x00, 0x00, 0x00, 0x00, 0x00, 0x00, 0x00,
    0x00, 0x00, 0x00, 0x00, 0x00, 0x00, 0x00, 0x00, 0x00, 0x00, 0x00, 0x00,
    0x00, 0x00, 0x00, 0x00, 0x00, 0x00, 0x00, 0x00, 0x00, 0x00, 0x00, 0x00,
    0x00, 0x00, 0x00, 0x00, 0x00, 0x00, 0x00, 0x00, 0x00, 0x00, 0x00, 0x00,
    0x00, 0x00, 0x00, 0x00, 0x00, 0x00, 0x00, 0x00, 0x00, 0x00, 0x00, 0x00,
    0x00, 0x00, 0x00, 0x00, 0x00, 0x00, 0x00, 0x00, 0x00, 0x00, 0x00, 0x00,
    0x00, 0x00, 0x00, 0x00, 0x00, 0x00, 0x00, 0x00, 0x00, 0x00, 0x00, 0x00,
    0x00, 0x00, 0x00, 0x00, 0x00, 0x00, 0x00, 0x00, 0x00, 0x00, 0x00, 0x00,
    0x00, 0x00, 0x00, 0x00, 0x00, 0x00, 0x00, 0x00, 0x00, 0x00, 0x00, 0x00,
    0x00, 0x00, 0x00, 0x00, 0x00, 0x00, 0x00, 0x00, 0x00, 0x00, 0x00, 0x00,
    0x00, 0x00, 0x00, 0x00, 0x00, 0x00, 0x00, 0x00, 0x00, 0x00, 0x00, 0x00,
    0x00, 0x00, 0x00, 0x00, 0x00, 0x00, 0x00, 0x00, 0x00, 0x00, 0x00, 0x00,
    0x00, 0x00, 0x00, 0x00, 0x00, 0x00, 0x00, 0x00, 0x00, 0x00, 0x00, 0x00,
    0x00, 0x00, 0x00, 0x00, 0x00, 0x00, 0x00, 0x00, 0x00, 0x00, 0x00, 0x00,
    0x00, 0x00, 0x00, 0x00, 0x00, 0x00, 0x00, 0x00, 0x00, 0x00, 0x00, 0x00,
    0x00, 0x00, 0x00, 0x00, 0x00, 0x00, 0x00, 0x00, 0x00, 0x00, 0x00, 0x00,
    0x00, 0x00, 0x00, 0x00, 0x00, 0x00, 0x00, 0x00, 0x00, 0x00, 0x00, 0x00,
    0x00, 0x00, 0x00, 0x00, 0x00, 0x00, 0x00, 0x00, 0x00, 0x00, 0x00, 0x00,
    0x00, 0x00, 0x00, 0x00, 0x00, 0x00, 0x00, 0x00, 0x00, 0x00, 0x00, 0x00,
    0x00, 0x00, 0x00, 0x00, 0x00, 0x00, 0x00, 0x00, 0x00, 0x00, 0x00, 0x00,
    0x00, 0x00, 0x00, 0x00, 0x00, 0x00, 0x00, 0x00, 0x00, 0x00, 0x00, 0x00,
    0x00, 0x00, 0x00, 0x00, 0x00, 0x00, 0x00, 0x00, 0x00, 0x00, 0x00, 0x00,
    0x00, 0x00, 0x00, 0x00, 0x00, 0x00, 0x00, 0x00, 0x00, 0x00, 0x00, 0x00,
    0x00, 0x00, 0x00, 0x00, 0x00, 0x00, 0x00, 0x00, 0x00, 0x00, 0x00, 0x00,
    0x00, 0x00, 0x00, 0x00, 0x00, 0x00, 0x00, 0x00, 0x00, 0x00, 0x00, 0x00,
    0x00, 0x00, 0x00, 0x00, 0x00, 0x00, 0x00, 0x00, 0x00, 0x00, 0x00, 0x00,
    0x00, 0x00, 0x00, 0x00, 0x00, 0x00, 0x00, 0x00, 0x00, 0x00, 0x00, 0x00,
    0x00, 0x00, 0x00, 0x00, 0x00, 0x00, 0x00, 0x00, 0x00, 0x00, 0x00, 0x00,
    0x00, 0x00, 0x00, 0x00, 0x00, 0x00, 0x00, 0x00, 0x00, 0x00, 0x00, 0x00,
    0x00, 0x00, 0x00, 0x00, 0x00, 0x00, 0x00, 0x00, 0x00, 0x00, 0x00, 0x00,
    0x00, 0x00, 0x00, 0x00, 0x00, 0x00, 0x00, 0x00, 0x00, 0x00, 0x00, 0x00,
    0x00, 0x00, 0x00, 0x00, 0x00, 0x00, 0x00, 0x00, 0x00, 0x00, 0x00, 0x00,
    0x00, 0x00, 0x00, 0x00, 0x00, 0x00, 0x00, 0x00, 0x00, 0x00, 0x00, 0x00,
    0x00, 0x00, 0x00, 0x00, 0x00, 0x00, 0x00, 0x00, 0x00, 0x00, 0x00, 0x00,
    0x00, 0x00, 0x00, 0x00, 0x00, 0x00, 0x00, 0x00, 0x00, 0x00, 0x00, 0x00,
    0x00, 0x00, 0x00, 0x00, 0x00, 0x00, 0x00, 0x00, 0x00, 0x00, 0x00, 0x00,
    0x00, 0x00, 0x00, 0x00, 0x00, 0x00, 0x00, 0x00, 0x00, 0x00, 0x00, 0x00,
    0x00, 0x00, 0x00, 0x00, 0x00, 0x00, 0x00, 0x00, 0x00, 0x00, 0x00, 0x00,
    0x00, 0x00, 0x00, 0x00, 0x00, 0x00, 0x00, 0x00, 0x00, 0x00, 0x00, 0x00,
    0x00, 0x00, 0x00, 0x00, 0x00, 0x00, 0x00, 0x00, 0x00, 0x00, 0x00, 0x00,
    0x00, 0x00, 0x00, 0x00, 0x00, 0x00, 0x00, 0x00, 0x00, 0x00, 0x00, 0x00,
    0x00, 0x00, 0x00, 0x00, 0x00, 0x00, 0x00, 0x00, 0x00, 0x00, 0x00, 0x00,
    0x00, 0x00, 0x00, 0x00, 0x00, 0x00, 0x00, 0x00, 0x00, 0x00, 0x00, 0x00,
    0x00, 0x00, 0x00, 0x00, 0x00, 0x00, 0x00, 0x00, 0x00, 0x00, 0x00, 0x00,
    0x00, 0x00, 0x00, 0x00, 0x00, 0x00, 0x00, 0x00, 0x00, 0x00, 0x00, 0x00,
    0x00, 0x00, 0x00, 0x00, 0x00, 0x00, 0x00, 0x00, 0x00, 0x00, 0x00, 0x00,
    0x00, 0x00, 0x00, 0x00, 0x00, 0x00, 0x00, 0x00, 0x00, 0x00, 0x00, 0x00,
    0x00, 0x00, 0x00, 0x00, 0x00, 0x00, 0x00, 0x00, 0x00, 0x00, 0x00, 0x00,
    0x00, 0x00, 0x00, 0x00, 0x00, 0x00, 0x00, 0x00, 0x00, 0x00, 0x00, 0x00,
    0x00, 0x00, 0x00, 0x00, 0x00, 0x00, 0x00, 0x00, 0x00, 0x00, 0x00, 0x00,
    0x00, 0x00, 0x00, 0x00, 0x00, 0x00, 0x00, 0x00, 0x00, 0x00, 0x00, 0x00,
    0x00, 0x00, 0x00, 0x00, 0x00, 0x00, 0x00, 0x00, 0x00, 0x00, 0x00, 0x00,
    0x00, 0x00, 0x00, 0x00, 0x00, 0x00, 0x00, 0x00, 0x00, 0x00, 0x00, 0x00,
    0x00, 0x00, 0x00, 0x00, 0x00, 0x00, 0x00, 0x00, 0x00, 0x00, 0x00, 0x00,
    0x00, 0x00, 0x00, 0x00, 0x00, 0x00, 0x00, 0x00, 0x00, 0x00, 0x00, 0x00,
    0x00, 0x00, 0x00, 0x00, 0x00, 0x00, 0x00, 0x00, 0x00, 0x00, 0x00, 0x00,
    0x00, 0x00, 0x00, 0x00, 0x00, 0x00, 0x00, 0x00, 0x00, 0x00, 0x00, 0x00,
    0x00, 0x00, 0x00, 0x00, 0x00, 0x00, 0x00, 0x00, 0x00, 0x00, 0x00, 0x00,
    0x00, 0x00, 0x00, 0x00, 0x00, 0x00, 0x00, 0x00, 0x00, 0x00, 0x00, 0x00,
    0x00, 0x00, 0x00, 0x00, 0x00, 0x00, 0x00, 0x00, 0x00, 0x00, 0x00, 0x00,
    0x00, 0x00, 0x00, 0x00, 0x00, 0x00, 0x00, 0x00, 0x00, 0x00, 0x00, 0x00,
    0x00, 0x00, 0x00, 0x00, 0x00, 0x00, 0x00, 0x00, 0x00, 0x00, 0x00, 0x00,
    0x00, 0x00, 0x00, 0x00, 0x00, 0x00, 0x00, 0x00, 0x00, 0x00, 0x00, 0x00,
    0x00, 0x00, 0x00, 0x00, 0x00, 0x00, 0x00, 0x00, 0x00, 0x00, 0x00, 0x00,
    0x00, 0x00, 0x00, 0x00, 0x00, 0x00, 0x00, 0x00, 0x00, 0x00, 0x00, 0x00,
    0x00, 0x00, 0x00, 0x00, 0x00, 0x00, 0x00, 0x00, 0x00, 0x00, 0x00, 0x00,
    0x00, 0x00, 0x00, 0x00, 0x00, 0x00, 0x00, 0x00, 0x00, 0x00, 0x00, 0x00,
    0x00, 0x00, 0x00, 0x00, 0x00, 0x00, 0x00, 0x00, 0x00, 0x00, 0x00, 0x00,
    0x00, 0x00, 0x00, 0x00, 0x00, 0x00, 0x00, 0x00, 0x00, 0x00, 0x00, 0x00,
    0x00, 0x00, 0x00, 0x00, 0x00, 0x00, 0x00, 0x00, 0x00, 0x00, 0x00, 0x00,
    0x00, 0x00, 0x00, 0x00, 0x00, 0x00, 0x00, 0x00, 0x00, 0x00, 0x00, 0x00,
    0x00, 0x00, 0x00, 0x00, 0x00, 0x00, 0x00, 0x00, 0x00, 0x00, 0x00, 0x00,
    0x00, 0x00, 0x00, 0x00, 0x00, 0x00, 0x00, 0x00, 0x00, 0x00, 0x00, 0x00,
    0x00, 0x00, 0x00, 0x00, 0x00, 0x00, 0x00, 0x00, 0x00, 0x00, 0x00, 0x00,
    0x00, 0x00, 0x00, 0x00, 0x00, 0x00, 0x00, 0x00, 0x00, 0x00, 0x00, 0x00,
    0x00, 0x00, 0x00, 0x00, 0x00, 0x00, 0x00, 0x00, 0x00, 0x00, 0x00, 0x00,
    0x00, 0x00, 0x00, 0x00, 0x00, 0x00, 0x00, 0x00, 0x00, 0x00, 0x00, 0x00,
    0x00, 0x00, 0x00, 0x00, 0x00, 0x00, 0x00, 0x00, 0x00, 0x00, 0x00, 0x00,
    0x00, 0x00, 0x00, 0x00, 0x00, 0x00, 0x00, 0x00, 0x00, 0x00, 0x00, 0x00,
    0x00, 0x00, 0x00, 0x00, 0x00, 0x00, 0x00, 0x00, 0x00, 0x00, 0x00, 0x00,
    0x00, 0x00, 0x00, 0x00, 0x00, 0x00, 0x00, 0x00, 0x00, 0x00, 0x00, 0x00,
    0x00, 0x00, 0x00, 0x00, 0x00, 0x00, 0x00, 0x00, 0x00, 0x00, 0x00, 0x00,
    0x00, 0x00, 0x00, 0x00, 0x00, 0x00, 0x00, 0x00, 0x00, 0x00, 0x00, 0x00,
    0x00, 0x00, 0x00, 0x00, 0x00, 0x00, 0x00, 0x00, 0x00, 0x00, 0x00, 0x00,
    0x00, 0x00, 0x00, 0x00, 0x00, 0x00, 0x00, 0x00, 0x00, 0x00, 0x00, 0x00,
    0x00, 0x00, 0x00, 0x00, 0x00, 0x00, 0x00, 0x00, 0x00, 0x00, 0x00, 0x00,
    0x00, 0x00, 0x00, 0x00, 0x00, 0x00, 0x00, 0x00, 0x00, 0x00, 0x00, 0x00,
    0x00, 0x00, 0x00, 0x00, 0x00, 0x00, 0x00, 0x00, 0x00, 0x00, 0x00, 0x00,
    0x00, 0x00, 0x00, 0x00, 0x00, 0x00, 0x00, 0x00, 0x00, 0x00, 0x00, 0x00,
    0x00, 0x00, 0x00, 0x00, 0x00, 0x00, 0x00, 0x00, 0x00, 0x00, 0x00, 0x00,
    0x00, 0x00, 0x00, 0x00, 0x00, 0x00, 0x00, 0x00, 0x00, 0x00, 0x00, 0x00,
    0x00, 0x00, 0x00, 0x00, 0x00, 0x00, 0x00, 0x00, 0x00, 0x00, 0x00, 0x00,
    0x00, 0x00, 0x00, 0x00, 0x00, 0x00, 0x00, 0x00, 0x00, 0x00, 0x00, 0x00,
    0x00, 0x00, 0x00, 0x00, 0x00, 0x00, 0x00, 0x00, 0x00, 0x00, 0x00, 0x00,
    0x00, 0x00, 0x00, 0x00, 0x00, 0x00, 0x00, 0x00, 0x00, 0x00, 0x00, 0x00,
    0x00, 0x00, 0x00, 0x00, 0x00, 0x00, 0x00, 0x00, 0x00, 0x00, 0x00, 0x00,
    0x00, 0x00, 0x00, 0x00, 0x00, 0x00, 0x00, 0x00, 0x00, 0x00, 0x00, 0x00,
    0x00, 0x00, 0x00, 0x00, 0x00, 0x00, 0x00, 0x00, 0x00, 0x00, 0x00, 0x00,
    0x00, 0x00, 0x00, 0x00, 0x00, 0x00, 0x00, 0x00, 0x00, 0x00, 0x00, 0x00,
    0x00, 0x00, 0x00, 0x00, 0x00, 0x00, 0x00, 0x00, 0x00, 0x00, 0x00, 0x00,
    0x00, 0x00, 0x00, 0x00, 0x00, 0x00, 0x00, 0x00, 0x00, 0x00, 0x00, 0x00,
    0x00, 0x00, 0x00, 0x00, 0x00, 0x00, 0x00, 0x00, 0x00, 0x00, 0x00, 0x00,
    0x00, 0x00, 0x00, 0x00, 0x00, 0x00, 0x00, 0x00, 0x00, 0x00, 0x00, 0x00,
    0x00, 0x00, 0x00, 0x00, 0x00, 0x00, 0x00, 0x00, 0x00, 0x00, 0x00, 0x00,
    0x00, 0x00, 0x00, 0x00, 0x00, 0x00, 0x00, 0x00, 0x00, 0x00, 0x00, 0x00,
    0x00, 0x00, 0x00, 0x00, 0x00, 0x00, 0x00, 0x00, 0x00, 0x00, 0x00, 0x00,
    0x00, 0x00, 0x00, 0x00, 0x00, 0x00, 0x00, 0x00, 0x00, 0x00, 0x00, 0x00,
    0x00, 0x00, 0x00, 0x00, 0x00, 0x00, 0x00, 0x00, 0x00, 0x00, 0x00, 0x00,
    0x00, 0x00, 0x00, 0x00, 0x00, 0x00, 0x00, 0x00, 0x00, 0x00, 0x00, 0x00,
    0x00, 0x00, 0x00, 0x00, 0x00, 0x00, 0x00, 0x00, 0x00, 0x00, 0x00, 0x00,
    0x00, 0x00, 0x00, 0x00, 0x00, 0x00, 0x00, 0x00, 0x00, 0x00, 0x00, 0x00,
    0x00, 0x00, 0x00, 0x00, 0x00, 0x00, 0x00, 0x00, 0x00, 0x00, 0x00, 0x00,
    0x00, 0x00, 0x00, 0x00, 0x00, 0x00, 0x00, 0x00, 0x00, 0x00, 0x00, 0x00,
    0x00, 0x00, 0x00, 0x00, 0x00, 0x00, 0x00, 0x00, 0x00, 0x00, 0x00, 0x00,
    0x00, 0x00, 0x00, 0x00, 0x00, 0x00, 0x00, 0x00, 0x00, 0x00, 0x00, 0x00,
    0x00, 0x00, 0x00, 0x00, 0x00, 0x00, 0x00, 0x00, 0x00, 0x00, 0x00, 0x00,
    0x00, 0x00, 0x00, 0x00, 0x00, 0x00, 0x00, 0x00, 0x00, 0x00, 0x00, 0x00,
    0x00, 0x00, 0x00, 0x00, 0x00, 0x00, 0x00, 0x00, 0x00, 0x00, 0x00, 0x00,
    0x00, 0x00, 0x00, 0x00, 0x00, 0x00, 0x00, 0x00, 0x00, 0x00, 0x00, 0x00,
    0x00, 0x00, 0x00, 0x00, 0x00, 0x00, 0x00, 0x00, 0x00, 0x00, 0x00, 0x00,
    0x00, 0x00, 0x00, 0x00, 0x00, 0x00, 0x00, 0x00, 0x00, 0x00, 0x00, 0x00,
    0x00, 0x00, 0x00, 0x00, 0x00, 0x00, 0x00, 0x00, 0x00, 0x00, 0x00, 0x00,
    0x00, 0x00, 0x00, 0x00, 0x00, 0x00, 0x00, 0x00, 0x00, 0x00, 0x00, 0x00,
    0x00, 0x00, 0x00, 0x00, 0x00, 0x00, 0x00, 0x00, 0x00, 0x00, 0x00, 0x00,
    0x00, 0x00, 0x00, 0x00, 0x00, 0x00, 0x00, 0x00, 0x00, 0x00, 0x00, 0x00,
    0x00, 0x00, 0x00, 0x00, 0x00, 0x00, 0x00, 0x00, 0x00, 0x00, 0x00, 0x00,
    0x00, 0x00, 0x00, 0x00, 0x00, 0x00, 0x00, 0x00, 0x00, 0x00, 0x00, 0x00,
    0x00, 0x00, 0x00, 0x00, 0x00, 0x00, 0x00, 0x00, 0x00, 0x00, 0x00, 0x00,
    0x00, 0x00, 0x00, 0x00, 0x00, 0x00, 0x00, 0x00, 0x00, 0x00, 0x00, 0x00,
    0x00, 0x00, 0x00, 0x00, 0x00, 0x00, 0x00, 0x00, 0x00, 0x00, 0x00, 0x00,
    0x00, 0x00, 0x00, 0x00, 0x00, 0x00, 0x00, 0x00, 0x00, 0x00, 0x00, 0x00,
    0x00, 0x00, 0x00, 0x00, 0x00, 0x00, 0x00, 0x00, 0x00, 0x00, 0x00, 0x00,
    0x00, 0x00, 0x00, 0x00, 0x00, 0x00, 0x00, 0x00, 0x00, 0x00, 0x00, 0x00,
    0x00, 0x00, 0x00, 0x00, 0x00, 0x00, 0x00, 0x00, 0x00, 0x00, 0x00, 0x00,
    0x00, 0x00, 0x00, 0x00, 0x00, 0x00, 0x00, 0x00, 0x00, 0x00, 0x00, 0x00,
    0x00, 0x00, 0x00, 0x00, 0x00, 0x00, 0x00, 0x00, 0x00, 0x00, 0x00, 0x00,
    0x00, 0x00, 0x00, 0x00, 0x00, 0x00, 0x00, 0x00, 0x00, 0x00, 0x00, 0x00,
    0x00, 0x00, 0x00, 0x00, 0x00, 0x00, 0x00, 0x00, 0x00, 0x00, 0x00, 0x00,
    0x00, 0x00, 0x00, 0x00, 0x00, 0x00, 0x00, 0x00, 0x00, 0x00, 0x00, 0x00,
    0x00, 0x00, 0x00, 0x00, 0x00, 0x00, 0x00, 0x00, 0x00, 0x00, 0x00, 0x00,
    0x00, 0x00, 0x00, 0x00, 0x00, 0x00, 0x00, 0x00, 0x00, 0x00, 0x00, 0x00,
    0x00, 0x00, 0x00, 0x00, 0x00, 0x00, 0x00, 0x00, 0x00, 0x00, 0x00, 0x00,
    0x00, 0x00, 0x00, 0x00, 0x00, 0x00, 0x00, 0x00, 0x00, 0x00, 0x00, 0x00,
    0x00, 0x00, 0x00, 0x00, 0x00, 0x00, 0x00, 0x00, 0x00, 0x00, 0x00, 0x00,
    0x00, 0x00, 0x00, 0x00, 0x00, 0x00, 0x00, 0x00, 0x00, 0x00, 0x00, 0x00,
    0x00, 0x00, 0x00, 0x00, 0x00, 0x00, 0x00, 0x00, 0x00, 0x00, 0x00, 0x00,
    0x00, 0x00, 0x00, 0x00, 0x00, 0x00, 0x00, 0x00, 0x00, 0x00, 0x00, 0x00,
    0x00, 0x00, 0x00, 0x00, 0x00, 0x00, 0x00, 0x00, 0x00, 0x00, 0x00, 0x00,
    0x00, 0x00, 0x00, 0x00, 0x00, 0x00, 0x00, 0x00, 0x00, 0x00, 0x00, 0x00,
    0x00, 0x00, 0x00, 0x00, 0x00, 0x00, 0x00, 0x00, 0x00, 0x00, 0x00, 0x00,
    0x00, 0x00, 0x00, 0x00, 0x00, 0x00, 0x00, 0x00, 0x00, 0x00, 0x00, 0x00,
    0x00, 0x00, 0x00, 0x00, 0x00, 0x00, 0x00, 0x00, 0x00, 0x00, 0x00, 0x00,
    0x00, 0x00, 0x00, 0x00, 0x00, 0x00, 0x00, 0x00, 0x00, 0x00, 0x00, 0x00,
    0x00, 0x00, 0x00, 0x00, 0x00, 0x00, 0x00, 0x00, 0x00, 0x00, 0x00, 0x00,
    0x00, 0x00, 0x00, 0x00, 0x00, 0x00, 0x00, 0x00, 0x00, 0x00, 0x00, 0x00,
    0x00, 0x00, 0x00, 0x00, 0x00, 0x00, 0x00, 0x00, 0x00, 0x00, 0x00, 0x00,
    0x00, 0x00, 0x00, 0x00, 0x00, 0x00, 0x00, 0x00, 0x00, 0x00, 0x00, 0x00,
    0x00, 0x00, 0x00, 0x00, 0x00, 0x00, 0x00, 0x00, 0x00, 0x00, 0x00, 0x00,
    0x00, 0x00, 0x00, 0x00, 0x00, 0x00, 0x00, 0x00, 0x00, 0x00, 0x00, 0x00,
    0x00, 0x00, 0x00, 0x00, 0x00, 0x00, 0x00, 0x00, 0x00, 0x00, 0x00, 0x00,
    0x00, 0x00, 0x00, 0x00, 0x00, 0x00, 0x00, 0x00, 0x00, 0x00, 0x00, 0x00,
    0x00, 0x00, 0x00, 0x00, 0x00, 0x00, 0x00, 0x00, 0x00, 0x00, 0x00, 0x00,
    0x00, 0x00, 0x00, 0x00, 0x00, 0x00, 0x00, 0x00, 0x00, 0x00, 0x00, 0x00,
    0x00, 0x00, 0x00, 0x00, 0x00, 0x00, 0x00, 0x00, 0x00, 0x00, 0x00, 0x00,
    0x00, 0x00, 0x00, 0x00, 0x00, 0x00, 0x00, 0x00, 0x00, 0x00, 0x00, 0x00,
    0x00, 0x00, 0x00, 0x00, 0x00, 0x00, 0x00, 0x00, 0x00, 0x00, 0x00, 0x00,
    0x00, 0x00, 0x00, 0x00, 0x00, 0x00, 0x00, 0x00, 0x00, 0x00, 0x00, 0x00,

    //start:0x000700, len:1253(words), 3759(bytes)
    0xEF, 0x20, 0x1C, 0xBF, 0x21, 0x1C, 0x6A, 0x01, 0x8B, 0x0F, 0x7A, 0x26,
    0xC0, 0x14, 0x18, 0x0A, 0x28, 0x98, 0xCA, 0x71, 0x83, 0xCF, 0x2A, 0x22,
    0xCA, 0x71, 0x93, 0x00, 0x0C, 0x0C, 0x00, 0x20, 0x0C, 0x0A, 0x00, 0x88,
    0x0A, 0x5E, 0x93, 0x1A, 0x00, 0x88, 0x1A, 0x5E, 0x93, 0x2A, 0x00, 0x88,
    0x8A, 0x5E, 0x93, 0x3A, 0x00, 0x88, 0x9A, 0x5E, 0x93, 0x4A, 0x00, 0x88,
    0x0A, 0x5F, 0x93, 0x5A, 0x00, 0x88, 0x1A, 0x5F, 0x93, 0x6A, 0x00, 0x88,
    0x8A, 0x5F, 0x93, 0x7A, 0x00, 0x88, 0x9A, 0x5F, 0x93, 0x0A, 0x20, 0x88,
    0x2A, 0x5E, 0x93, 0x1A, 0x20, 0x88, 0x3A, 0x5E, 0x93, 0x2A, 0x20, 0x88,
    0xAA, 0x5E, 0x93, 0x3A, 0x20, 0x88, 0xBA, 0x5E, 0x93, 0x4A, 0x20, 0x88,
    0x2A, 0x5F, 0x93, 0x5A, 0x20, 0x88, 0x3A, 0x5F, 0x93, 0x6A, 0x20, 0x88,
    0xAA, 0x5F, 0x93, 0x7A, 0x20, 0x88, 0xBA, 0x5F, 0x93, 0x0A, 0x21, 0x88,
    0x4A, 0x5E, 0x93, 0x1A, 0x21, 0x88, 0x5A, 0x5E, 0x93, 0x2A, 0x21, 0x88,
    0xCA, 0x5E, 0x93, 0x3A, 0x21, 0x88, 0xDA, 0x5E, 0x93, 0x4A, 0x21, 0x88,
    0x4A, 0x5F, 0x93, 0x5A, 0x21, 0x88, 0x5A, 0x5F, 0x93, 0x6A, 0x21, 0x88,
    0xCA, 0x5F, 0x93, 0x7A, 0x21, 0x88, 0xDA, 0x5F, 0x93, 0x0A, 0x22, 0x88,
    0x6A, 0x5E, 0x93, 0x1A, 0x22, 0x88, 0x7A, 0x5E, 0x93, 0x2A, 0x22, 0x88,
    0xEA, 0x5E, 0x93, 0x3A, 0x22, 0x88, 0xFA, 0x5E, 0x93, 0x4A, 0x22, 0x88,
    0x6A, 0x5F, 0x93, 0x5A, 0x22, 0x88, 0x7A, 0x5F, 0x93, 0x6A, 0x22, 0x88,
    0xEA, 0x5F, 0x93, 0x7A, 0x22, 0x88, 0xFA, 0x5F, 0x93, 0x8A, 0x00, 0x88,
    0x0A, 0x60, 0x93, 0x9A, 0x00, 0x88, 0x1A, 0x60, 0x93, 0xAA, 0x00, 0x88,
    0x8A, 0x60, 0x93, 0xBA, 0x00, 0x88, 0x9A, 0x60, 0x93, 0xCA, 0x00, 0x88,
    0x0A, 0x61, 0x93, 0xDA, 0x00, 0x88, 0x1A, 0x61, 0x93, 0xEA, 0x00, 0x88,
    0x8A, 0x61, 0x93, 0xFA, 0x00, 0x88, 0x9A, 0x61, 0x93, 0x8A, 0x20, 0x88,
    0x2A, 0x60, 0x93, 0x9A, 0x20, 0x88, 0x3A, 0x60, 0x93, 0xAA, 0x20, 0x88,
    0xAA, 0x60, 0x93, 0xBA, 0x20, 0x88, 0xBA, 0x60, 0x93, 0xCA, 0x20, 0x88,
    0x2A, 0x61, 0x93, 0xDA, 0x20, 0x88, 0x3A, 0x61, 0x93, 0xEA, 0x20, 0x88,
    0xAA, 0x61, 0x93, 0xFA, 0x20, 0x88, 0xBA, 0x61, 0x93, 0x8A, 0x21, 0x88,
    0x4A, 0x60, 0x93, 0x9A, 0x21, 0x88, 0x5A, 0x60, 0x93, 0xAA, 0x21, 0x88,
    0xCA, 0x60, 0x93, 0xBA, 0x21, 0x88, 0xDA, 0x60, 0x93, 0xCA, 0x21, 0x88,
    0x4A, 0x61, 0x93, 0xDA, 0x21, 0x88, 0x5A, 0x61, 0x93, 0xEA, 0x21, 0x88,
    0xCA, 0x61, 0x93, 0xFA, 0x21, 0x88, 0xDA, 0x61, 0x93, 0x8A, 0x22, 0x88,
    0x6A, 0x60, 0x93, 0x9A, 0x22, 0x88, 0x7A, 0x60, 0x93, 0xAA, 0x22, 0x88,
    0xEA, 0x60, 0x93, 0xBA, 0x22, 0x88, 0xFA, 0x60, 0x93, 0xCA, 0x22, 0x88,
    0x6A, 0x61, 0x93, 0xDA, 0x22, 0x88, 0x7A, 0x61, 0x93, 0xEA, 0x22, 0x88,
    0xEA, 0x61, 0x93, 0xFA, 0x22, 0x88, 0xFA, 0x61, 0x93, 0x7A, 0x02, 0x8B,
    0x0F, 0x7A, 0x26, 0xD1, 0x00, 0x18, 0x96, 0x6B, 0x83, 0x00, 0x5E, 0xA3,
    0x0A, 0x00, 0x40, 0x04, 0x04, 0x40, 0x0F, 0xE2, 0x26, 0x60, 0x00, 0x18,
    0x20, 0x00, 0x60, 0x0F, 0x80, 0x20, 0xC1, 0x00, 0x68, 0xCF, 0x2A, 0x22,
    0xAF, 0xFF, 0x1B, 0x1F, 0x03, 0x18, 0x0A, 0x60, 0x83, 0x8A, 0x84, 0x93,
    0x1A, 0x60, 0x83, 0x9A, 0x84, 0x93, 0x5F, 0x40, 0x1C, 0x8A, 0x84, 0x83,
    0x0A, 0x60, 0x93, 0x9A, 0x84, 0x83, 0x1A, 0x60, 0x93, 0x00, 0x28, 0x88,
    0x04, 0x01, 0x41, 0x0F, 0x80, 0x23, 0x04, 0x00, 0x40, 0x0F, 0xE2, 0x26,
    0x20, 0x02, 0x18, 0x2A, 0x60, 0x83, 0x8A, 0x84, 0x93, 0x3A, 0x60, 0x83,
    0x9A, 0x84, 0x93, 0x6F, 0x3F, 0x1C, 0x8A, 0x84, 0x83, 0x2A, 0x60, 0x93,
    0x9A, 0x84, 0x83, 0x3A, 0x60, 0x93, 0x00, 0x28, 0x88, 0x04, 0x01, 0x41,
    0x0F, 0x80, 0x23, 0x04, 0x01, 0x40, 0x0F, 0xE2, 0x26, 0x30, 0x01, 0x18,
    0x4A, 0x60, 0x83, 0x8A, 0x84, 0x93, 0x5A, 0x60, 0x83, 0x9A, 0x84, 0x93,
    0x7F, 0x3E, 0x1C, 0x8A, 0x84, 0x83, 0x4A, 0x60, 0x93, 0x9A, 0x84, 0x83,
    0x5A, 0x60, 0x93, 0x6A, 0x60, 0x83, 0x8A, 0x84, 0x93, 0x7A, 0x60, 0x83,
    0x9A, 0x84, 0x93, 0xEF, 0x3D, 0x1C, 0x8A, 0x84, 0x83, 0x6A, 0x60, 0x93,
    0x9A, 0x84, 0x83, 0x7A, 0x60, 0x93, 0x0A, 0x5E, 0x83, 0x0A, 0x02, 0x98,
    0x1A, 0x5E, 0x83, 0x1A, 0x02, 0x98, 0x8A, 0x5E, 0x83, 0x2A, 0x02, 0x98,
    0x9A, 0x5E, 0x83, 0x3A, 0x02, 0x98, 0x0A, 0x5F, 0x83, 0x4A, 0x02, 0x98,
    0x1A, 0x5F, 0x83, 0x5A, 0x02, 0x98, 0x8A, 0x5F, 0x83, 0x6A, 0x02, 0x98,
    0x9A, 0x5F, 0x83, 0x7A, 0x02, 0x98, 0x2A, 0x5E, 0x83, 0x8A, 0x24, 0x98,
    0x3A, 0x5E, 0x83, 0x9A, 0x24, 0x98, 0xAA, 0x5E, 0x83, 0xAA, 0x24, 0x98,
    0xBA, 0x5E, 0x83, 0xBA, 0x24, 0x98, 0x2A, 0x5F, 0x83, 0xCA, 0x24, 0x98,
    0x3A, 0x5F, 0x83, 0xDA, 0x24, 0x98, 0xAA, 0x5F, 0x83, 0xEA, 0x24, 0x98,
    0xBA, 0x5F, 0x83, 0xFA, 0x24, 0x98, 0x4A, 0x5E, 0x83, 0x0A, 0x25, 0x98,
    0x5A, 0x5E, 0x83, 0x1A, 0x25, 0x98, 0xCA, 0x5E, 0x83, 0x2A, 0x25, 0x98,
    0xDA, 0x5E, 0x83, 0x3A, 0x25, 0x98, 0x4A, 0x5F, 0x83, 0x4A, 0x25, 0x98,
    0x5A, 0x5F, 0x83, 0x5A, 0x25, 0x98, 0xCA, 0x5F, 0x83, 0x6A, 0x25, 0x98,
    0xDA, 0x5F, 0x83, 0x7A, 0x25, 0x98, 0x6A, 0x5E, 0x83, 0x8A, 0x25, 0x98,
    0x7A, 0x5E, 0x83, 0x9A, 0x25, 0x98, 0xEA, 0x5E, 0x83, 0xAA, 0x25, 0x98,
    0xFA, 0x5E, 0x83, 0xBA, 0x25, 0x98, 0x6A, 0x5F, 0x83, 0xCA, 0x25, 0x98,
    0x7A, 0x5F, 0x83, 0xDA, 0x25, 0x98, 0xEA, 0x5F, 0x83, 0xEA, 0x25, 0x98,
    0xFA, 0x5F, 0x83, 0xFA, 0x25, 0x98, 0x0A, 0x60, 0x83, 0x8A, 0x02, 0x98,
    0x1A, 0x60, 0x83, 0x9A, 0x02, 0x98, 0x8A, 0x60, 0x83, 0xAA, 0x02, 0x98,
    0x9A, 0x60, 0x83, 0xBA, 0x02, 0x98, 0x0A, 0x61, 0x83, 0xCA, 0x02, 0x98,
    0x1A, 0x61, 0x83, 0xDA, 0x02, 0x98, 0x8A, 0x61, 0x83, 0xEA, 0x02, 0x98,
    0x9A, 0x61, 0x83, 0xFA, 0x02, 0x98, 0x2A, 0x60, 0x83, 0x0A, 0x23, 0x98,
    0x3A, 0x60, 0x83, 0x1A, 0x23, 0x98, 0xAA, 0x60, 0x83, 0x2A, 0x23, 0x98,
    0xBA, 0x60, 0x83, 0x3A, 0x23, 0x98, 0x2A, 0x61, 0x83, 0x4A, 0x23, 0x98,
    0x3A, 0x61, 0x83, 0x5A, 0x23, 0x98, 0xAA, 0x61, 0x83, 0x6A, 0x23, 0x98,
    0xBA, 0x61, 0x83, 0x7A, 0x23, 0x98, 0x4A, 0x60, 0x83, 0x8A, 0x23, 0x98,
    0x5A, 0x60, 0x83, 0x9A, 0x23, 0x98, 0xCA, 0x60, 0x83, 0xAA, 0x23, 0x98,
    0xDA, 0x60, 0x83, 0xBA, 0x23, 0x98, 0x4A, 0x61, 0x83, 0xCA, 0x23, 0x98,
    0x5A, 0x61, 0x83, 0xDA, 0x23, 0x98, 0xCA, 0x61, 0x83, 0xEA, 0x23, 0x98,
    0xDA, 0x61, 0x83, 0xFA, 0x23, 0x98, 0x6A, 0x60, 0x83, 0x0A, 0x24, 0x98,
    0x7A, 0x60, 0x83, 0x1A, 0x24, 0x98, 0xEA, 0x60, 0x83, 0x2A, 0x24, 0x98,
    0xFA, 0x60, 0x83, 0x3A, 0x24, 0x98, 0x6A, 0x61, 0x83, 0x4A, 0x24, 0x98,
    0x7A, 0x61, 0x83, 0x5A, 0x24, 0x98, 0xEA, 0x61, 0x83, 0x6A, 0x24, 0x98,
    0xFA, 0x61, 0x83, 0x7A, 0x24, 0x98, 0xBA, 0x07, 0x8B, 0x1F, 0x72, 0x22,
    0xBA, 0x07, 0x9B, 0x0F, 0x0F, 0x1C, 0x7F, 0x0C, 0x1C, 0x1F, 0x00, 0x0A,
    0xCA, 0x71, 0x83, 0xCF, 0x2A, 0x22, 0xCA, 0x71, 0x93, 0x00, 0x0C, 0x0C,
    0x00, 0x20, 0x0C, 0x1F, 0x10, 0x1C, 0x0F, 0x11, 0x1C, 0xDF, 0x1D, 0x1C,
    0x2F, 0x16, 0x1C, 0xCF, 0x14, 0x1C, 0x2F, 0x91, 0x1F, 0x5F, 0x8B, 0x1F,
    0xBF, 0x6B, 0x1C, 0x95, 0x78, 0x33, 0x5F, 0x00, 0x0B, 0xCA, 0x00, 0x88,
    0xEA, 0xB2, 0x93, 0x8A, 0xB3, 0x93, 0xDA, 0x00, 0x88, 0xFA, 0xB2, 0x93,
    0x9A, 0xB3, 0x93, 0xEA, 0x00, 0x88, 0xDA, 0x68, 0x93, 0xFA, 0x00, 0x88,
    0xEA, 0x68, 0x93, 0xAC, 0x00, 0x88, 0xEC, 0xB3, 0x93, 0xBB, 0x00, 0x88,
    0xFB, 0xB3, 0x93, 0x1C, 0x69, 0x93, 0x2B, 0x69, 0x93, 0x8C, 0x00, 0x88,
    0xAC, 0xB3, 0x93, 0x9B, 0x00, 0x88, 0xBB, 0xB3, 0x93, 0x2F, 0x82, 0x1F,
    0xFC, 0x68, 0x93, 0x0B, 0x69, 0x93, 0x0A, 0x00, 0x88, 0x0A, 0xB2, 0x93,
    0x1A, 0x00, 0x88, 0x1A, 0xB2, 0x93, 0x2A, 0x00, 0x88, 0x2A, 0xB2, 0x93,
    0x3A, 0x00, 0x88, 0x3A, 0xB2, 0x93, 0x4A, 0x00, 0x88, 0x4A, 0xB2, 0x93,
    0x5A, 0x00, 0x88, 0x5A, 0xB2, 0x93, 0x0B, 0x01, 0x8B, 0x9F, 0x8B, 0x27,
    0xB0, 0x00, 0x18, 0x02, 0x80, 0x07, 0x3F, 0xBE, 0x1C, 0x02, 0x80, 0x07,
    0x6F, 0xC3, 0x1C, 0x02, 0x80, 0x07, 0x1F, 0xC7, 0x1C, 0x02, 0x80, 0x07,
    0x9F, 0xC0, 0x1C, 0x02, 0x80, 0x07, 0x6F, 0xC2, 0x1C, 0xB5, 0x38, 0x33,
    0x09, 0x03, 0xB0, 0xA5, 0x00, 0x50, 0x6A, 0xB3, 0x93, 0x7A, 0xB3, 0x93,
    0xBD, 0x38, 0x33, 0x09, 0x00, 0xB0, 0x00, 0x08, 0x0C, 0x5F, 0x13, 0x1C,
    0x4A, 0x79, 0x83, 0xAA, 0x7A, 0x2A, 0x51, 0x00, 0x18, 0x0A, 0x00, 0x40,
    0xCA, 0xB2, 0x93, 0xDA, 0xB2, 0x93, 0x3F, 0x00, 0x18, 0x5F, 0x1C, 0x1C,
    0xFF, 0x1D, 0x1C, 0x0F, 0x17, 0x1C, 0x3F, 0x18, 0x1C, 0x1F, 0x21, 0x1C,
    0x3A, 0x79, 0x83, 0xAA, 0x7A, 0x2A, 0x30, 0x00, 0x18, 0xBF, 0x28, 0x1C,
    0x4F, 0x2B, 0x1C, 0x7C, 0x82, 0x83, 0xCF, 0x2C, 0x22, 0x5F, 0xEC, 0x26,
    0x24, 0x00, 0x18, 0x0A, 0x00, 0x40, 0x7A, 0x82, 0x93, 0xBA, 0x07, 0x8B,
    0x1F, 0x72, 0x22, 0xBA, 0x07, 0x9B, 0xBF, 0x08, 0x1C, 0x2F, 0x06, 0x1C,
    0x1F, 0x00, 0x0A, 0xCA, 0x07, 0x8B, 0x1F, 0x72, 0x22, 0xCA, 0x07, 0x9B,
    0x6F, 0x05, 0x1C, 0x00, 0x08, 0x0C, 0x00, 0x20, 0x0C, 0xD0, 0x78, 0x83,
    0xCF, 0x20, 0x22, 0xDA, 0x78, 0x93, 0x34, 0x00, 0x40, 0x0F, 0x82, 0x27,
    0x31, 0x00, 0x18, 0x8A, 0x40, 0x9B, 0x8A, 0x10, 0x9B, 0xDF, 0xE2, 0x26,
    0x24, 0x01, 0x18, 0x0A, 0x00, 0x40, 0xDA, 0x78, 0x93, 0xEB, 0x81, 0x83,
    0xFB, 0x81, 0x93, 0xEA, 0x81, 0x93, 0xCB, 0x71, 0x83, 0xDB, 0x71, 0x93,
    0xCA, 0x71, 0x93, 0xFB, 0x71, 0x83, 0x0B, 0x72, 0x93, 0xFA, 0x71, 0x93,
    0x2B, 0x72, 0x83, 0x3B, 0x72, 0x93, 0x2A, 0x72, 0x93, 0xEA, 0x78, 0x83,
    0xCF, 0x2A, 0x22, 0xEA, 0x78, 0x93, 0x3F, 0x7A, 0x1F, 0x3A, 0x09, 0x8A,
    0x7A, 0x8C, 0x93, 0xCF, 0x03, 0x1C, 0x1F, 0x00, 0x0A, 0x8A, 0x00, 0x01,
    0xAF, 0x82, 0x27, 0x41, 0x00, 0x18, 0x1F, 0x9A, 0x27, 0x91, 0x00, 0x18,
    0x1F, 0x00, 0x0A, 0xDF, 0x02, 0x1C, 0x6F, 0x5D, 0x1C, 0x0A, 0x00, 0x40,
    0xAF, 0xA2, 0x23, 0x9A, 0x81, 0x01, 0xFF, 0x02, 0x1C, 0x1F, 0x00, 0x0A,
    0x6F, 0x02, 0x1C, 0xEA, 0x06, 0x8B, 0x04, 0xF0, 0x4F, 0x0F, 0x82, 0x23,
    0x04, 0x00, 0x4F, 0xAA, 0xE2, 0x2A, 0xB0, 0x00, 0x18, 0x04, 0x10, 0x4F,
    0xAA, 0xE2, 0x2A, 0x80, 0x00, 0x18, 0x04, 0x40, 0x4F, 0xAA, 0xE2, 0x2A,
    0x50, 0x00, 0x18, 0x04, 0x50, 0x4F, 0xAA, 0xE2, 0x2A, 0x20, 0x00, 0x18,
    0x3F, 0x00, 0x18, 0x1A, 0x00, 0x40, 0xDA, 0x7E, 0x93, 0x0A, 0x00, 0x40,
    0x1F, 0xBA, 0x23, 0x9A, 0x81, 0x01, 0x7F, 0x01, 0x1C, 0x1F, 0x00, 0x0A,
    0xEF, 0x00, 0x1C, 0x4C, 0x74, 0x33, 0xC4, 0x74, 0x33, 0x1F, 0x00, 0x0B,
    0x44, 0x74, 0x33, 0x0F, 0x01, 0x1C, 0x1F, 0x00, 0x0A, 0x7F, 0x00, 0x1C,
    0x4C, 0x74, 0x33, 0xB4, 0x74, 0x33, 0x1F, 0x00, 0x0B, 0x44, 0x74, 0x33,
    0x9F, 0x00, 0x1C, 0x1F, 0x00, 0x0A, 0xA1, 0x03, 0x0D, 0x9A, 0x7E, 0x93,
    0xA0, 0x03, 0x0D, 0xAA, 0x7E, 0x93, 0xA2, 0x03, 0x0D, 0xBA, 0x7E, 0x93,
    0x0F, 0x00, 0x0A, 0x9A, 0x7E, 0x83, 0x1A, 0x0C, 0x0D, 0xAA, 0x7E, 0x83,
    0x0A, 0x0C, 0x0D, 0xBA, 0x7E, 0x83, 0x2A, 0x0C, 0x0D, 0x0F, 0x00, 0x0A,
    0x59, 0x6A, 0x33, 0x00, 0xC4, 0x07, 0x65, 0x6A, 0x93, 0x00, 0xC4, 0x07,
    0x79, 0x6A, 0x93, 0x8A, 0x6A, 0x33, 0x00, 0xC4, 0x07, 0x96, 0x6A, 0x93,
    0x00, 0xC4, 0x07, 0xAA, 0x6A, 0x93, 0x00, 0xC4, 0x07, 0xB7, 0x6A, 0x93,
    0xCD, 0x6A, 0x33, 0x00, 0xC8, 0x07, 0xD5, 0x6A, 0x93, 0x00, 0xC8, 0x07,
    0xE9, 0x6A, 0x93, 0x00, 0xC8, 0x07, 0xF7, 0x6A, 0x93, 0x00, 0xC4, 0x07,
    0x04, 0x6B, 0x93, 0x1B, 0x6B, 0x33, 0x00, 0xC4, 0x07, 0x2B, 0x6B, 0x93,
    0x04, 0x00, 0xA0, 0x15, 0x00, 0xA0, 0xF6, 0xFF, 0xAF, 0x15, 0x00, 0xB0,
    0x09, 0x00, 0xA0, 0x0A, 0x00, 0xA0, 0x09, 0x00, 0xB0, 0x0B, 0x00, 0xA0,
    0x0F, 0x00, 0x0A, 0x51, 0x6A, 0x33, 0x00, 0xC4, 0x07, 0x65, 0x6A, 0x83,
    0x00, 0xC4, 0x07, 0x79, 0x6A, 0x83, 0x82, 0x6A, 0x33, 0x00, 0xC4, 0x07,
    0x96, 0x6A, 0x83, 0x00, 0xC4, 0x07, 0xAA, 0x6A, 0x83, 0x00, 0xC4, 0x07,
    0xB7, 0x6A, 0x83, 0xC5, 0x6A, 0x33, 0x00, 0xC8, 0x07, 0xD5, 0x6A, 0x83,
    0x00, 0xC8, 0x07, 0xE9, 0x6A, 0x83, 0x00, 0xC8, 0x07, 0xF7, 0x6A, 0x83,
    0x00, 0xC4, 0x07, 0x04, 0x6B, 0x83, 0x13, 0x6B, 0x33, 0x00, 0xC4, 0x07,
    0x2B, 0x6B, 0x83, 0x0F, 0x00, 0x0A, 0x91, 0x75, 0xB3, 0x02, 0xB8, 0xA3,
    0x6A, 0x00, 0x40, 0x00, 0x80, 0x07, 0x01, 0xB2, 0x43, 0x55, 0x00, 0x70,
    0x0A, 0x69, 0x2A, 0x55, 0x6A, 0x72, 0x1A, 0x04, 0x0D, 0xC5, 0x00, 0x60,
    0xC9, 0x00, 0x68, 0xC5, 0x00, 0x60, 0xC9, 0x00, 0x68, 0xCF, 0x00, 0x23,
    0x82, 0xFF, 0x1B, 0x0F, 0x00, 0x0A, 0x27, 0x00, 0xA0, 0x71, 0x82, 0x83,
    0x10, 0x00, 0x40, 0x5F, 0xE1, 0x26, 0x21, 0x00, 0x18, 0x00, 0x00, 0x40,
    0xC1, 0x82, 0xB3, 0x51, 0x7D, 0xA3, 0x82, 0xB3, 0xA3, 0xD3, 0x6D, 0xA3,
    0xC2, 0x6B, 0x83, 0x3F, 0x81, 0x1F, 0xF5, 0x75, 0x33, 0x11, 0x7A, 0xA3,
    0x02, 0xB8, 0xA3, 0x13, 0x6D, 0xA3, 0x42, 0x6B, 0x83, 0xDF, 0x80, 0x1F,
    0x05, 0x76, 0x33, 0x51, 0x7A, 0xA3, 0x22, 0xB8, 0xA3, 0x33, 0x6D, 0xA3,
    0x52, 0x6B, 0x83, 0x7F, 0x80, 0x1F, 0x10, 0x00, 0x40, 0x9F, 0xE1, 0x26,
    0x21, 0x00, 0x18, 0x00, 0x00, 0x40, 0x15, 0x76, 0x33, 0x91, 0x7A, 0xA3,
    0x42, 0xB8, 0xA3, 0x53, 0x6D, 0xA3, 0x62, 0x6B, 0x83, 0xDF, 0x7F, 0x1F,
    0x25, 0x76, 0x33, 0xD1, 0x7A, 0xA3, 0x62, 0xB8, 0xA3, 0x73, 0x6D, 0xA3,
    0x72, 0x6B, 0x83, 0x7F, 0x7F, 0x1F, 0x10, 0x00, 0x40, 0xDF, 0xE1, 0x26,
    0x21, 0x00, 0x18, 0x00, 0x00, 0x40, 0x35, 0x76, 0x33, 0x11, 0x7B, 0xA3,
    0x82, 0xB8, 0xA3, 0x93, 0x6D, 0xA3, 0x92, 0x6B, 0x83, 0xDF, 0x7E, 0x1F,
    0x7A, 0x04, 0x8B, 0x5F, 0x82, 0x27, 0x01, 0x00, 0x0A, 0x45, 0x76, 0x33,
    0x11, 0x7C, 0xA3, 0xA2, 0xB8, 0xA3, 0xB3, 0x6D, 0xA3, 0x82, 0x6B, 0x83,
    0x86, 0x67, 0x83, 0x0F, 0x20, 0x20, 0x2C, 0x00, 0x0D, 0x1F, 0x7E, 0x1F,
    0x0F, 0x00, 0x0A, 0x04, 0xB8, 0x83, 0x04, 0x02, 0x98, 0x14, 0xB8, 0x83,
    0x14, 0x02, 0x98, 0x24, 0xB8, 0x83, 0x24, 0x02, 0x98, 0x34, 0xB8, 0x83,
    0x34, 0x02, 0x98, 0x44, 0xB8, 0x83, 0x44, 0x02, 0x98, 0x54, 0xB8, 0x83,
    0x54, 0x02, 0x98, 0x64, 0xB8, 0x83, 0x64, 0x02, 0x98, 0x74, 0xB8, 0x83,
    0x74, 0x02, 0x98, 0x8C, 0xB8, 0x83, 0x8C, 0x02, 0x98, 0x9B, 0xB8, 0x83,
    0x9B, 0x02, 0x98, 0x0F, 0x00, 0x0A, 0x7A, 0x04, 0x8B, 0x5F, 0x82, 0x27,
    0x01, 0x00, 0x0A, 0xAC, 0xB8, 0x83, 0xBB, 0xB8, 0x83, 0x0A, 0x83, 0x83,
    0xDF, 0xE2, 0x26, 0x02, 0x80, 0x07, 0xB5, 0xD1, 0x1C, 0x5F, 0x62, 0x22,
    0x0A, 0x83, 0x93, 0xE1, 0x82, 0x33, 0x89, 0x00, 0xA0, 0xC5, 0x00, 0x68,
    0xB5, 0x00, 0x68, 0xE9, 0x82, 0x33, 0x09, 0x00, 0xA0, 0x0F, 0x00, 0x0A,
    0x00, 0x30, 0x0C, 0x0E, 0x81, 0x83, 0xAA, 0x7E, 0x2A, 0xE0, 0x03, 0x18,
    0xE6, 0x71, 0x83, 0x0F, 0xE6, 0x20, 0x00, 0x20, 0x0C, 0x3A, 0x53, 0x83,
    0xA5, 0x81, 0x83, 0x0F, 0x08, 0x26, 0x31, 0x00, 0x18, 0x65, 0x53, 0x83,
    0x0F, 0x6A, 0x22, 0x0A, 0x80, 0x07, 0xA6, 0xAA, 0x4A, 0x4B, 0x82, 0x28,
    0x2A, 0x53, 0x83, 0xC5, 0x81, 0x83, 0x0F, 0x08, 0x26, 0x31, 0x00, 0x18,
    0x75, 0x53, 0x83, 0x0F, 0x6A, 0x22, 0x10, 0x80, 0x07, 0x07, 0x00, 0x40,
    0x0F, 0x0A, 0x21, 0x04, 0x2B, 0x0F, 0x04, 0x1C, 0x0F, 0x2A, 0x80, 0x07,
    0xAA, 0xAA, 0x4A, 0x4A, 0x8F, 0x20, 0x5A, 0x8A, 0x83, 0x0F, 0x02, 0x21,
    0x2A, 0x8A, 0x83, 0x0F, 0x0A, 0x21, 0x0A, 0x10, 0x40, 0x7F, 0x80, 0x07,
    0xF2, 0xFF, 0x4F, 0xA5, 0x81, 0x83, 0x0F, 0x08, 0x26, 0x21, 0x00, 0x18,
    0x42, 0x0A, 0x21, 0xC5, 0x81, 0x83, 0x0F, 0x08, 0x26, 0x21, 0x00, 0x18,
    0x42, 0x0A, 0x21, 0x0F, 0x58, 0x20, 0x24, 0x81, 0x93, 0x3C, 0x81, 0x93,
    0x0F, 0xE4, 0x22, 0x0A, 0xE2, 0x2B, 0x05, 0x03, 0x40, 0x0F, 0xEA, 0x26,
    0xD4, 0x00, 0x18, 0x0F, 0x78, 0x26, 0x65, 0x00, 0x18, 0x1A, 0x00, 0x40,
    0x3A, 0x79, 0x93, 0x0A, 0x00, 0x40, 0x4A, 0x79, 0x93, 0x9F, 0x00, 0x18,
    0x0A, 0x00, 0x40, 0x3A, 0x79, 0x93, 0x1A, 0x00, 0x40, 0x4A, 0x79, 0x93,
    0x4F, 0x00, 0x18, 0x1A, 0x00, 0x40, 0x3A, 0x79, 0x93, 0x4A, 0x79, 0x93,
    0x0F, 0x00, 0x0A, 0xF4, 0x00, 0x40, 0x8A, 0x01, 0x8A, 0x0F, 0x82, 0x23,
    0x9F, 0xE2, 0x26, 0x01, 0x00, 0x0A, 0x7A, 0x8A, 0x83, 0xAA, 0x7A, 0x2A,
    0x00, 0x00, 0x0A, 0x80, 0x03, 0x8A, 0x14, 0x7F, 0x83, 0x10, 0x7F, 0x93,
    0x0F, 0xE0, 0x22, 0x0F, 0xE2, 0x23, 0x84, 0x8A, 0x83, 0x0F, 0xE2, 0x22,
    0x03, 0x00, 0x0A, 0x0A, 0x84, 0x43, 0xFA, 0x7E, 0x93, 0x10, 0x7F, 0x93,
    0x0F, 0x00, 0x0A, 0x8A, 0x01, 0x88, 0x1F, 0x8A, 0x27, 0x60, 0x00, 0x18,
    0x04, 0xEE, 0x42, 0xFA, 0x7E, 0x83, 0x0F, 0xE2, 0x26, 0x04, 0x00, 0x22,
    0xFA, 0x7E, 0x93, 0xFA, 0x7E, 0x83, 0xCF, 0x0A, 0x23, 0x04, 0x00, 0x0A,
    0xFA, 0x7E, 0x93, 0xF8, 0x68, 0x93, 0x08, 0x69, 0x93, 0x0F, 0x00, 0x0A,
    0x27, 0x00, 0xA0, 0x91, 0x75, 0xB3, 0x02, 0xB8, 0xA3, 0x70, 0x00, 0x40,
    0xCF, 0x00, 0x23, 0x00, 0x00, 0x0A, 0x0A, 0x00, 0x0D, 0xA5, 0x00, 0x70,
    0xF4, 0x00, 0x40, 0x0F, 0xE2, 0x26, 0xD0, 0x00, 0x18, 0x44, 0x00, 0x40,
    0x0F, 0xE2, 0x26, 0xC0, 0x00, 0x18, 0x64, 0x00, 0x40, 0x0F, 0xE2, 0x26,
    0x20, 0x01, 0x18, 0x54, 0x00, 0x40, 0x0F, 0xE2, 0x26, 0x60, 0x00, 0x18,
    0xA4, 0x00, 0x40, 0x0F, 0xE2, 0x26, 0x30, 0x00, 0x18, 0x0B, 0x00, 0x09,
    0xCF, 0xFE, 0x1B, 0xA8, 0x00, 0x60, 0x4A, 0x6A, 0x22, 0x4A, 0x6A, 0x22,
    0xA9, 0x00, 0x68, 0xA8, 0x00, 0x60, 0x4A, 0x6A, 0x22, 0x4A, 0x6A, 0x22,
    0xA9, 0x00, 0x68, 0x3F, 0xFE, 0x1B, 0xA8, 0x00, 0x60, 0x4A, 0x6A, 0x22,
    0x4A, 0x6A, 0x22, 0x4A, 0x6A, 0x22, 0x4A, 0x6A, 0x22, 0xA9, 0x00, 0x68,
    0xA8, 0x00, 0x60, 0x4A, 0x6A, 0x22, 0x4A, 0x6A, 0x22, 0x4A, 0x6A, 0x22,
    0x4A, 0x6A, 0x22, 0xA9, 0x00, 0x68, 0x6F, 0xFD, 0x1B, 0x0F, 0x00, 0x0A,
    0x2A, 0x8A, 0x83, 0xDF, 0xE2, 0x22, 0x35, 0x00, 0x18, 0x02, 0x80, 0x07,
    0x2F, 0x3C, 0x19, 0x2A, 0x8A, 0x93, 0x05, 0x8A, 0x33, 0x09, 0x20, 0xB0,
    0xA5, 0x00, 0x50, 0xAA, 0xB2, 0x93, 0xA5, 0x00, 0x50, 0xBA, 0xB2, 0x93,
    0xA5, 0x00, 0x50, 0x2A, 0xB3, 0x93, 0xA5, 0x00, 0x50, 0x3A, 0xB3, 0x93,
    0xA5, 0x00, 0x50, 0xCA, 0xB2, 0x93, 0xA5, 0x00, 0x50, 0xDA, 0xB2, 0x93,
    0xA5, 0x00, 0x50, 0x4A, 0xB3, 0x93, 0xA5, 0x00, 0x50, 0x5A, 0xB3, 0x93,
    0x0D, 0x8A, 0x33, 0x09, 0x00, 0xB0, 0x0F, 0x00, 0x0A, 0x0A, 0x0E, 0x8A,
    0x5F, 0x8A, 0x27, 0x01, 0x00, 0x0A, 0x1A, 0x79, 0x83, 0x0F, 0x7A, 0x26,
    0x71, 0x01, 0x18, 0x2A, 0x8A, 0x83, 0x00, 0x80, 0x07, 0x04, 0x18, 0x40,
    0xAA, 0xE2, 0x2A, 0x02, 0x00, 0x0A, 0x2A, 0x53, 0x83, 0x04, 0x03, 0x40,
    0xAA, 0xE2, 0x2A, 0x03, 0x00, 0x0A, 0x1A, 0x8A, 0x83, 0x04, 0x00, 0x40,
    0x0F, 0x62, 0x22, 0x2A, 0x0E, 0x9A, 0x5A, 0x79, 0x83, 0x1A, 0x0E, 0x9A,
    0x8A, 0x01, 0x40, 0x3A, 0x0E, 0x9A, 0xEA, 0x02, 0x40, 0x0A, 0x0E, 0x9A,
    0x00, 0xC4, 0x07, 0x15, 0x79, 0x93, 0x0F, 0x00, 0x0A, 0x2A, 0x8A, 0x83,
    0xDF, 0x6A, 0x22, 0x2A, 0x8A, 0x93, 0x85, 0x01, 0x40, 0x2A, 0x53, 0x83,
    0x0F, 0xEA, 0x22, 0x2A, 0x53, 0x93, 0x5A, 0x53, 0x83, 0x0F, 0x6A, 0x22,
    0x5A, 0x53, 0x93, 0x5A, 0x79, 0x83, 0x00, 0xE0, 0x43, 0x04, 0x70, 0x47,
    0x0F, 0x6A, 0x22, 0x0F, 0xE2, 0x26, 0x05, 0x78, 0x22, 0x5A, 0x79, 0x93,
    0x15, 0x8A, 0x33, 0x09, 0x20, 0xB0, 0x07, 0x08, 0xB0, 0x17, 0x00, 0x09,
    0x1D, 0x8A, 0x33, 0x00, 0xC4, 0x07, 0x14, 0x79, 0x93, 0x0F, 0x00, 0x0A,
    0x00, 0x0C, 0x0C, 0x00, 0x20, 0x0C, 0x71, 0x82, 0x83, 0x10, 0x00, 0x40,
    0x5F, 0xE9, 0x26, 0x21, 0x00, 0x18, 0x00, 0x00, 0x40, 0x11, 0x7D, 0xA3,
    0xB2, 0x7F, 0x33, 0x23, 0x80, 0xA3, 0xF2, 0x6B, 0x83, 0x5F, 0x6E, 0x1F,
    0x10, 0x00, 0x40, 0x1F, 0xE9, 0x26, 0x21, 0x00, 0x18, 0x00, 0x00, 0x40,
    0x91, 0x7C, 0xA3, 0xE2, 0x7F, 0x33, 0x33, 0x80, 0xA3, 0xD2, 0x6B, 0x83,
    0xCF, 0x6D, 0x1F, 0xD1, 0x7C, 0xA3, 0x82, 0x7F, 0x33, 0x13, 0x80, 0xA3,
    0xE2, 0x6B, 0x83, 0x7F, 0x6D, 0x1F, 0x81, 0x82, 0xA3, 0x02, 0xB2, 0xA3,
    0xD3, 0x84, 0xA3, 0xE2, 0x84, 0x83, 0x2F, 0x6D, 0x1F, 0xD6, 0x84, 0x83,
    0x22, 0xB2, 0x83, 0x0F, 0x80, 0x20, 0x4C, 0x6C, 0x22, 0x4A, 0x6A, 0x22,
    0x2A, 0xB2, 0x93, 0x32, 0xB2, 0x83, 0x0F, 0x80, 0x20, 0x4C, 0x6C, 0x22,
    0x4A, 0x6A, 0x22, 0x3A, 0xB2, 0x93, 0x42, 0xB2, 0x83, 0x0F, 0x80, 0x20,
    0x4C, 0x6C, 0x22, 0x4A, 0x6A, 0x22, 0x4A, 0xB2, 0x93, 0x52, 0xB2, 0x83,
    0x0F, 0x80, 0x20, 0x4C, 0x6C, 0x22, 0x4A, 0x6A, 0x22, 0x5A, 0xB2, 0x93,
    0x00, 0x0C, 0x0C, 0x91, 0x7F, 0x33, 0xC2, 0x7F, 0x33, 0xF3, 0x7F, 0x33,
    0x05, 0x00, 0x60, 0x15, 0x00, 0x60, 0x49, 0x00, 0x60, 0x59, 0x00, 0x60,
    0xBD, 0x00, 0x60, 0xCD, 0x00, 0x60, 0xE9, 0x0F, 0x40, 0x0F, 0x40, 0x0E,
    0x0F, 0x41, 0x10, 0x1F, 0x44, 0x10, 0x4F, 0x45, 0x10, 0x5F, 0x60, 0x2A,
    0x0A, 0x69, 0x2A, 0x1A, 0x4B, 0x10, 0x4F, 0x4C, 0x10, 0x5F, 0x60, 0x2A,
    0x0A, 0x69, 0x2A, 0x80, 0xB2, 0x93, 0x9A, 0xB2, 0x93, 0xA1, 0x7F, 0x33,
    0xD2, 0x7F, 0x33, 0x03, 0x80, 0x33, 0x05, 0x00, 0x60, 0x15, 0x00, 0x60,
    0x49, 0x00, 0x60, 0x59, 0x00, 0x60, 0xBD, 0x00, 0x60, 0xCD, 0x00, 0x60,
    0xC9, 0x0F, 0x40, 0x0F, 0x44, 0x0E, 0x4F, 0x45, 0x10, 0x5F, 0x60, 0x2A,
    0x0A, 0x69, 0x2A, 0x1A, 0x4B, 0x10, 0x4F, 0x4C, 0x10, 0x5F, 0x60, 0x2A,
    0x0A, 0x69, 0x2A, 0xC0, 0xB2, 0x93, 0xDA, 0xB2, 0x93, 0x00, 0xB3, 0x93,
    0x1A, 0xB3, 0x93, 0xFA, 0x84, 0x83, 0xAA, 0x7A, 0x2A, 0x70, 0x00, 0x18,
    0x8C, 0xB2, 0x83, 0x9B, 0xB2, 0x83, 0x00, 0x80, 0x07, 0xCF, 0x1B, 0x1C,
    0x8C, 0xB2, 0x93, 0x9B, 0xB2, 0x93, 0x10, 0x69, 0x83, 0xD4, 0x68, 0x83,
    0x0F, 0x60, 0x22, 0x6A, 0x81, 0x93, 0x20, 0x69, 0x83, 0xE4, 0x68, 0x83,
    0x4A, 0x60, 0x2A, 0x7A, 0x81, 0x93, 0x5A, 0x00, 0x0D, 0xBA, 0x8A, 0x83,
    0xAA, 0x7A, 0x2A, 0x70, 0x00, 0x18, 0x00, 0xB2, 0x83, 0x0F, 0x60, 0x22,
    0x0A, 0xB2, 0x93, 0x20, 0xB2, 0x83, 0x0F, 0x68, 0x22, 0x2A, 0xB2, 0x93,
    0x00, 0x08, 0x0C, 0x0F, 0x00, 0x0A, 0x5A, 0x8A, 0x83, 0x00, 0x80, 0x07,
    0x44, 0x2F, 0x40, 0x0F, 0xE2, 0x26, 0x53, 0x00, 0x18, 0x9A, 0x07, 0x8B,
    0x1F, 0x72, 0x22, 0x9A, 0x07, 0x9B, 0x0F, 0x00, 0x0A, 0x45, 0x8A, 0x33,
    0x09, 0x30, 0xB0, 0x8A, 0xB2, 0x83, 0xA5, 0x00, 0x58, 0x9A, 0xB2, 0x83,
    0xA5, 0x00, 0x58, 0x0A, 0xB2, 0x83, 0xA5, 0x00, 0x58, 0x1A, 0xB2, 0x83,
    0xA5, 0x00, 0x58, 0x2A, 0xB2, 0x83, 0xA5, 0x00, 0x58, 0x3A, 0xB2, 0x83,
    0xA5, 0x00, 0x58, 0x4A, 0xB2, 0x83, 0xA5, 0x00, 0x58, 0x5A, 0xB2, 0x83,
    0xA5, 0x00, 0x58, 0xFA, 0x68, 0x83, 0xA5, 0x00, 0x58, 0x0A, 0x69, 0x83,
    0xA5, 0x00, 0x58, 0x6A, 0x81, 0x83, 0xA5, 0x00, 0x58, 0x7A, 0x81, 0x83,
    0xA5, 0x00, 0x58, 0x4D, 0x8A, 0x33, 0x09, 0x00, 0xB0, 0x5A, 0x8A, 0x83,
    0xC4, 0x00, 0x40, 0x0F, 0x62, 0x22, 0x5A, 0x8A, 0x93, 0x0F, 0x00, 0x0A,
    0xEA, 0x07, 0x8A, 0x5F, 0x8A, 0x27, 0x01, 0x00, 0x0A, 0x2A, 0x79, 0x83,
    0x0F, 0x7A, 0x26, 0xE1, 0x01, 0x18, 0x5A, 0x8A, 0x83, 0x04, 0x0C, 0x40,
    0x0F, 0xE2, 0x26, 0x04, 0x00, 0x0A, 0x4A, 0x53, 0x83, 0x44, 0x02, 0x40,
    0xAA, 0xE2, 0x2A, 0x04, 0x00, 0x0A, 0xA4, 0x81, 0x83, 0x0F, 0x00, 0x26,
    0x51, 0x00, 0x18, 0x6A, 0x53, 0x83, 0x04, 0x72, 0x43, 0xAA, 0xE2, 0x2A,
    0x02, 0x00, 0x0A, 0x3A, 0x8A, 0x83, 0x01, 0x80, 0x07, 0x04, 0x00, 0x40,
    0x0F, 0x62, 0x22, 0x0A, 0x08, 0x9A, 0x6A, 0x79, 0x83, 0xFA, 0x07, 0x9A,
    0x4A, 0x02, 0x40, 0x1A, 0x08, 0x9A, 0xEA, 0x02, 0x40, 0xEA, 0x07, 0x9A,
    0x00, 0xC4, 0x07, 0x25, 0x79, 0x93, 0x0F, 0x00, 0x0A, 0x45, 0x02, 0x40,
    0x5A, 0x8A, 0x83, 0x04, 0x0C, 0x40, 0x0F, 0xE2, 0x22, 0x5A, 0x8A, 0x93,
    0x6A, 0x79, 0x83, 0x00, 0x70, 0x47, 0x04, 0xF4, 0x4A, 0x0F, 0x6A, 0x22,
    0x0F, 0xE2, 0x26, 0x05, 0x78, 0x22, 0x6A, 0x79, 0x93, 0xA4, 0x81, 0x83,
    0x0F, 0x00, 0x26, 0x81, 0x00, 0x18, 0x40, 0xEA, 0x22, 0x04, 0x0A, 0x0F,
    0x1F, 0x10, 0x9B, 0x6A, 0x53, 0x83, 0x0F, 0x6A, 0x22, 0x6A, 0x53, 0x93,
    0x4F, 0x00, 0x18, 0x3A, 0x53, 0x83, 0x0F, 0x6A, 0x22, 0x3A, 0x53, 0x93,
    0x4A, 0x53, 0x83, 0x0F, 0xEA, 0x22, 0x4A, 0x53, 0x93, 0x35, 0x8A, 0x33,
    0x09, 0x30, 0xB0, 0x07, 0x0C, 0xB0, 0x17, 0x00, 0x09, 0x3D, 0x8A, 0x33,
    0x00, 0xC4, 0x07, 0x24, 0x79, 0x93, 0x0F, 0x00, 0x0A, 0x3F, 0xDB, 0x1F,
    0xCF, 0x02, 0x1C, 0x8C, 0x84, 0x83, 0xAC, 0xB3, 0x93, 0x9B, 0x84, 0x83,
    0xBB, 0xB3, 0x93, 0x0A, 0x00, 0x40, 0x0A, 0xB2, 0x93, 0x1A, 0xB2, 0x93,
    0x2A, 0xB2, 0x93, 0x3A, 0xB2, 0x93, 0x4A, 0xB2, 0x93, 0x5A, 0xB2, 0x93,
    0xEA, 0xB3, 0x93, 0xFA, 0xB3, 0x93, 0x8A, 0xB3, 0x93, 0x9A, 0xB3, 0x93,
    0x1F, 0x4E, 0x1F, 0xFC, 0x68, 0x93, 0x0B, 0x69, 0x93, 0x00, 0x08, 0x0C,
    0x4F, 0xE1, 0x1F, 0x7F, 0x02, 0x1C, 0x4A, 0x79, 0x83, 0xAA, 0x7A, 0x2A,
    0x51, 0x00, 0x18, 0x0A, 0x00, 0x40, 0xCA, 0xB2, 0x93, 0xDA, 0xB2, 0x93,
    0x3F, 0x00, 0x18, 0x3F, 0xEA, 0x1F, 0xDF, 0xEB, 0x1F, 0x1F, 0xEF, 0x1F,
    0x3A, 0x79, 0x83, 0xAA, 0x7A, 0x2A, 0x30, 0x00, 0x18, 0xBF, 0xF6, 0x1F,
    0x4F, 0xF9, 0x1F, 0x7C, 0x82, 0x83, 0xCF, 0x2C, 0x22, 0x5F, 0xEC, 0x26,
    0x24, 0x00, 0x18, 0x0A, 0x00, 0x40, 0x7A, 0x82, 0x93, 0x0F, 0x00, 0x0A,
    0x27, 0x00, 0xA0, 0x71, 0x82, 0x83, 0x10, 0x00, 0x40, 0xDF, 0xE1, 0x26,
    0x21, 0x00, 0x18, 0x00, 0x00, 0x40, 0x2A, 0x02, 0x8B, 0xDF, 0x9A, 0x23,
    0x71, 0x00, 0x18, 0x35, 0x76, 0x33, 0x11, 0x7B, 0xA3, 0x82, 0xB8, 0xA3,
    0x93, 0x6D, 0xA3, 0x92, 0x6B, 0x83, 0x6F, 0x5A, 0x1F, 0x0F, 0x00, 0x0A,
    0x8C, 0xB8, 0x83, 0x8C, 0x84, 0x93, 0x9B, 0xB8, 0x83, 0x9B, 0x84, 0x93,
    0x0F, 0x00, 0x0A,

    //start:0x000BE5, len:723(words), 2169(bytes)
    0x1C, 0x67, 0x83, 0x2B, 0x67, 0x83, 0x0C, 0x03, 0x98, 0x1B, 0x03, 0x98,
    0x5F, 0xD2, 0x1F, 0x2F, 0xD3, 0x1F, 0x00, 0x08, 0x0C, 0x00, 0x20, 0x0C,
    0xFA, 0x71, 0x83, 0xCF, 0x2A, 0x22, 0xFA, 0x71, 0x93, 0x2A, 0x82, 0x83,
    0xDF, 0xE2, 0x26, 0x44, 0x00, 0x18, 0x02, 0x80, 0x07, 0xFF, 0xCF, 0x1C,
    0x8F, 0x00, 0x18, 0x5F, 0x62, 0x22, 0x2A, 0x82, 0x93, 0x89, 0x00, 0xA0,
    0x11, 0x82, 0x33, 0xC5, 0x00, 0x68, 0xB5, 0x00, 0x68, 0x19, 0x82, 0x33,
    0xBF, 0x06, 0x1C, 0xFA, 0x71, 0x83, 0xF4, 0x00, 0x40, 0x0F, 0x82, 0x27,
    0x02, 0x80, 0x07, 0x10, 0xD9, 0x1C, 0x08, 0x00, 0x40, 0x09, 0x08, 0xB0,
    0x15, 0x00, 0xB0, 0xBF, 0x0A, 0x1C, 0x3C, 0x67, 0x93, 0x4B, 0x67, 0x93,
    0x90, 0x65, 0x83, 0x7F, 0x60, 0x26, 0x15, 0x01, 0x18, 0x0A, 0x83, 0x83,
    0x5F, 0xE2, 0x22, 0x55, 0x00, 0x18, 0x02, 0x80, 0x07, 0xBF, 0xD1, 0x1C,
    0x0F, 0x98, 0x20, 0xCF, 0x00, 0x18, 0x0A, 0x83, 0x93, 0xF1, 0x82, 0x33,
    0x15, 0x00, 0xA0, 0x89, 0x00, 0xA0, 0xC5, 0x00, 0x60, 0xB5, 0x00, 0x60,
    0xF9, 0x82, 0x33, 0x09, 0x00, 0xA0, 0x3F, 0x00, 0x18, 0x3C, 0x67, 0x83,
    0x4B, 0x67, 0x83, 0x15, 0x00, 0xB0, 0xAF, 0x1D, 0x1C, 0x3F, 0x14, 0x1C,
    0x1C, 0x67, 0x93, 0x2B, 0x67, 0x93, 0xDF, 0x06, 0x1C, 0x7A, 0x04, 0x8B,
    0xC0, 0x41, 0x8B, 0x6F, 0x80, 0x27, 0x40, 0x00, 0x18, 0xEF, 0x80, 0x27,
    0x20, 0x00, 0x18, 0x9F, 0xA2, 0x23, 0x7A, 0x67, 0x93, 0x1F, 0xD1, 0x1F,
    0x8F, 0xCE, 0x1F, 0x1F, 0x00, 0x0A, 0xFF, 0xCD, 0x1F, 0xCF, 0xCE, 0x1F,
    0xFA, 0x17, 0x88, 0xEF, 0xAA, 0x23, 0xFA, 0x17, 0x98, 0x00, 0x00, 0x00,
    0x00, 0x00, 0x00, 0x00, 0x00, 0x00, 0x00, 0x00, 0x00, 0xEF, 0x9A, 0x23,
    0xFA, 0x17, 0x98, 0xEA, 0x81, 0x83, 0xCF, 0x2A, 0x22, 0xEA, 0x81, 0x93,
    0x4F, 0x06, 0x1C, 0xBA, 0x6E, 0x83, 0x0F, 0x7A, 0x26, 0x40, 0x01, 0x18,
    0x9C, 0x79, 0x83, 0xAB, 0x79, 0x83, 0x2C, 0x03, 0x98, 0x3B, 0x03, 0x98,
    0xBC, 0x79, 0x83, 0xCB, 0x79, 0x83, 0x6C, 0x09, 0x98, 0x7B, 0x09, 0x98,
    0xDC, 0x79, 0x83, 0xEB, 0x79, 0x83, 0x8C, 0x09, 0x98, 0x9B, 0x09, 0x98,
    0xFC, 0x79, 0x83, 0x0B, 0x7A, 0x83, 0xAC, 0x09, 0x98, 0xBB, 0x09, 0x98,
    0xBF, 0x0B, 0x1C, 0x9F, 0x21, 0x1C, 0x1F, 0x01, 0x18, 0x2A, 0x82, 0x83,
    0x0F, 0x7A, 0x26, 0x52, 0x00, 0x18, 0x02, 0x80, 0x07, 0xFF, 0xCF, 0x1C,
    0x0F, 0x98, 0x20, 0x8F, 0x00, 0x18, 0x5F, 0xE2, 0x22, 0x2A, 0x82, 0x93,
    0x89, 0x00, 0xA0, 0x01, 0x82, 0x33, 0xC5, 0x00, 0x60, 0xB5, 0x00, 0x60,
    0x09, 0x82, 0x33, 0x2C, 0x03, 0x98, 0x3B, 0x03, 0x98, 0xAF, 0x04, 0x1C,
    0x8F, 0xCD, 0x1F, 0xFF, 0xCA, 0x1F, 0x1F, 0x00, 0x0A, 0x7A, 0x04, 0x8B,
    0x6A, 0x67, 0x93, 0xC0, 0x41, 0x8B, 0x9F, 0x80, 0x27, 0x01, 0x01, 0x18,
    0xDF, 0x80, 0x27, 0xB1, 0x01, 0x18, 0xC0, 0x41, 0x8B, 0xA1, 0x41, 0x8B,
    0xC4, 0x41, 0x8B, 0xA5, 0x41, 0x8B, 0x0F, 0xE0, 0x26, 0x01, 0x00, 0x0A,
    0x0F, 0xE9, 0x26, 0x01, 0x00, 0x0A, 0x54, 0x67, 0x93, 0xD5, 0x66, 0x93,
    0xDA, 0x40, 0x8B, 0xEA, 0x66, 0x93, 0x0F, 0x00, 0x0A, 0x50, 0x11, 0x8B,
    0x31, 0x11, 0x8B, 0x54, 0x11, 0x8B, 0x35, 0x11, 0x8B, 0x0F, 0xE0, 0x26,
    0x01, 0x00, 0x0A, 0x0F, 0xE9, 0x26, 0x01, 0x00, 0x0A, 0x54, 0x67, 0x93,
    0xD5, 0x66, 0x93, 0x3A, 0x10, 0x8B, 0xEA, 0x66, 0x93, 0x0F, 0x00, 0x0A,
    0xCA, 0x78, 0x83, 0x5A, 0x67, 0x93, 0xBA, 0x78, 0x83, 0xDA, 0x66, 0x93,
    0xAA, 0x78, 0x83, 0xEA, 0x66, 0x93, 0x0F, 0x00, 0x0A, 0xCA, 0x41, 0x8B,
    0x9F, 0x82, 0x27, 0xC1, 0x00, 0x18, 0xDF, 0x82, 0x27, 0x71, 0x00, 0x18,
    0x6A, 0x67, 0x83, 0x9F, 0xA2, 0x23, 0x6A, 0x67, 0x93, 0xEA, 0x66, 0x83,
    0xDA, 0x40, 0x9B, 0x0F, 0x00, 0x0A, 0xEA, 0x66, 0x83, 0xAA, 0x78, 0x93,
    0x0F, 0x00, 0x0A, 0xEA, 0x66, 0x83, 0x3A, 0x10, 0x9B, 0x0F, 0x00, 0x0A,
    0xC0, 0x41, 0x8B, 0xB1, 0x41, 0x8B, 0xC4, 0x41, 0x8B, 0xB5, 0x41, 0x8B,
    0x0F, 0xE0, 0x26, 0x01, 0x00, 0x0A, 0x0F, 0xE9, 0x26, 0x01, 0x00, 0x0A,
    0x74, 0x6E, 0x93, 0x85, 0x6E, 0x93, 0x6A, 0x40, 0x8B, 0x9A, 0x6E, 0x93,
    0x0F, 0x00, 0x0A, 0x9A, 0x6E, 0x83, 0x6A, 0x40, 0x9B, 0x0F, 0x00, 0x0A,
    0x5A, 0x67, 0x83, 0x6F, 0x82, 0x27, 0x02, 0x80, 0x07, 0x70, 0xD2, 0x18,
    0xEF, 0x82, 0x27, 0x40, 0x05, 0x18, 0xD0, 0x65, 0x83, 0x5F, 0xE0, 0x22,
    0x75, 0x00, 0x18, 0xFA, 0x66, 0x83, 0xCF, 0x2A, 0x22, 0xFA, 0x66, 0x93,
    0x0F, 0x98, 0x20, 0xA0, 0x00, 0x0D, 0x0F, 0x01, 0x18, 0xDA, 0x65, 0x93,
    0xE5, 0x65, 0x33, 0xC5, 0x00, 0x70, 0xB5, 0x00, 0x70, 0xED, 0x65, 0x33,
    0x8A, 0x01, 0x88, 0x1F, 0x8A, 0x27, 0x30, 0x00, 0x18, 0x0A, 0xEE, 0x42,
    0x0A, 0x7F, 0x93, 0x0A, 0x7F, 0x83, 0xCF, 0x0A, 0x23, 0x33, 0x00, 0x18,
    0x0A, 0x7F, 0x93, 0x0F, 0x98, 0x20, 0x20, 0x07, 0x8A, 0x5F, 0x88, 0x27,
    0x01, 0x00, 0x0A, 0x00, 0x66, 0x83, 0x0F, 0x78, 0x26, 0x51, 0x02, 0x18,
    0xDA, 0x65, 0x83, 0x00, 0x80, 0x07, 0x04, 0x06, 0x40, 0x0F, 0xE2, 0x26,
    0x05, 0x00, 0x0A, 0x05, 0x60, 0x43, 0xD0, 0x66, 0x83, 0xE4, 0x66, 0x83,
    0x0F, 0xE0, 0x22, 0x04, 0x6A, 0x22, 0xCA, 0x66, 0x93, 0x9F, 0xE2, 0x26,
    0x85, 0x00, 0x18, 0xD0, 0x65, 0x83, 0x0F, 0x78, 0x26, 0x01, 0x00, 0x0A,
    0x0A, 0x67, 0x83, 0xCF, 0x2A, 0x22, 0x0A, 0x67, 0x93, 0x0F, 0x00, 0x0A,
    0x00, 0xC8, 0x07, 0x05, 0x66, 0x93, 0xE0, 0x66, 0x83, 0x04, 0x80, 0x07,
    0x04, 0x90, 0x4D, 0x0F, 0x60, 0x22, 0x3A, 0x07, 0x9A, 0xFA, 0x65, 0x83,
    0x04, 0x00, 0x48, 0x0F, 0x62, 0x22, 0x4A, 0x07, 0x9A, 0x40, 0x00, 0x40,
    0x50, 0x07, 0x9A, 0x80, 0x0A, 0x40, 0x20, 0x07, 0x9A, 0x0F, 0x00, 0x0A,
    0x00, 0x00, 0x40, 0x05, 0x60, 0x43, 0xEA, 0x66, 0x83, 0x9F, 0x62, 0x22,
    0x0F, 0xEA, 0x26, 0x05, 0x78, 0x22, 0xEA, 0x66, 0x93, 0xF5, 0x65, 0x33,
    0x05, 0x02, 0xB0, 0x15, 0x00, 0x09, 0xFD, 0x65, 0x33, 0xDA, 0x65, 0x83,
    0x5F, 0x6A, 0x22, 0xDA, 0x65, 0x93, 0x08, 0x66, 0x93, 0x15, 0x00, 0xB0,
    0x0F, 0x00, 0x0A, 0x0F, 0x98, 0x20, 0x0F, 0x00, 0x0A, 0x7A, 0x6E, 0x83,
    0x6F, 0x8A, 0x27, 0x02, 0x80, 0x07, 0xA0, 0xD0, 0x18, 0xEF, 0x8A, 0x27,
    0xD0, 0x19, 0x18, 0xE4, 0x00, 0x40, 0x20, 0x6E, 0x83, 0x0F, 0xE0, 0x22,
    0x45, 0x00, 0x18, 0x8F, 0x19, 0x1C, 0xA0, 0x00, 0x0D, 0x7F, 0x01, 0x18,
    0xDF, 0xE0, 0x22, 0x2A, 0x6E, 0x93, 0x05, 0x6E, 0x33, 0x09, 0x20, 0xB0,
    0x15, 0x00, 0xB0, 0xC5, 0x00, 0x70, 0xB5, 0x00, 0x70, 0x9C, 0x79, 0x93,
    0xAB, 0x79, 0x93, 0xC5, 0x00, 0x70, 0xB5, 0x00, 0x70, 0xBC, 0x79, 0x93,
    0xCB, 0x79, 0x93, 0xC5, 0x00, 0x70, 0xB5, 0x00, 0x70, 0xDC, 0x79, 0x93,
    0xEB, 0x79, 0x93, 0xC5, 0x00, 0x70, 0xB5, 0x00, 0x70, 0xFC, 0x79, 0x93,
    0x0B, 0x7A, 0x93, 0x0D, 0x6E, 0x33, 0x00, 0x0E, 0x8A, 0x5F, 0x88, 0x27,
    0x01, 0x00, 0x0A, 0x30, 0x6E, 0x83, 0x0F, 0x78, 0x26, 0xD1, 0x01, 0x18,
    0x00, 0x80, 0x07, 0x04, 0x18, 0x40, 0x0F, 0xE2, 0x26, 0x05, 0x00, 0x0A,
    0x05, 0x80, 0x4D, 0x80, 0x6E, 0x83, 0x94, 0x6E, 0x83, 0x0F, 0xE0, 0x22,
    0x04, 0x6A, 0x22, 0x4A, 0x6E, 0x93, 0x1F, 0xEA, 0x26, 0x04, 0x00, 0x0A,
    0x00, 0xC4, 0x07, 0x35, 0x6E, 0x93, 0x90, 0x6E, 0x83, 0x05, 0x80, 0x07,
    0x04, 0x00, 0x42, 0x0F, 0x60, 0x22, 0x1A, 0x0E, 0x9A, 0x10, 0x6E, 0x83,
    0x04, 0x00, 0x48, 0x0F, 0x60, 0x22, 0x2A, 0x0E, 0x9A, 0x00, 0x01, 0x40,
    0x30, 0x0E, 0x9A, 0x80, 0x0A, 0x40, 0x00, 0x0E, 0x9A, 0x0F, 0x00, 0x0A,
    0x00, 0x00, 0x40, 0x05, 0x80, 0x4D, 0x9A, 0x6E, 0x83, 0x1F, 0x6A, 0x22,
    0x0F, 0xEA, 0x26, 0x05, 0x78, 0x22, 0x9A, 0x6E, 0x93, 0x13, 0x6E, 0x33,
    0x0B, 0x20, 0xA0, 0x07, 0x08, 0xA0, 0x0F, 0x00, 0x09, 0x1B, 0x6E, 0x33,
    0x2A, 0x6E, 0x83, 0xDF, 0x6A, 0x22, 0x2A, 0x6E, 0x93, 0x00, 0xC4, 0x07,
    0x34, 0x6E, 0x93, 0x0F, 0x00, 0x0A, 0x5A, 0x67, 0x83, 0x6F, 0x82, 0x27,
    0x02, 0x80, 0x07, 0x80, 0xD2, 0x1C, 0x80, 0x65, 0x83, 0x61, 0x67, 0x83,
    0x9A, 0x65, 0x83, 0xCF, 0x0A, 0x23, 0xB0, 0x00, 0x18, 0xCF, 0x0A, 0x23,
    0x10, 0x02, 0x18, 0xCF, 0x0A, 0x23, 0xE0, 0x02, 0x18, 0xCF, 0x0A, 0x23,
    0xC0, 0x05, 0x18, 0x34, 0x00, 0x40, 0x0F, 0x81, 0x27, 0xD1, 0x07, 0x18,
    0x0F, 0x00, 0x0A, 0x5F, 0x80, 0x23, 0x91, 0x00, 0x18, 0xAA, 0x65, 0x83,
    0x1F, 0xFA, 0x22, 0x34, 0x00, 0x18, 0xAA, 0x65, 0x93, 0xDF, 0x00, 0x18,
    0x9F, 0x06, 0x1C, 0x0A, 0x00, 0x40, 0xAF, 0x00, 0x18, 0xAA, 0x65, 0x83,
    0x1F, 0x7A, 0x22, 0x36, 0x00, 0x18, 0xAA, 0x65, 0x93, 0x5F, 0x00, 0x18,
    0x6F, 0x06, 0x1C, 0x7F, 0x80, 0x07, 0xFA, 0xFF, 0x4F, 0xAA, 0x65, 0x93,
    0x6A, 0x00, 0x0D, 0xAC, 0x23, 0x28, 0xAC, 0x22, 0x28, 0xBA, 0x00, 0x0D,
    0x0F, 0x00, 0x0A, 0x1F, 0x81, 0x27, 0xC1, 0x00, 0x18, 0x5F, 0x81, 0x27,
    0x11, 0x00, 0x18, 0xBA, 0x65, 0x83, 0xCF, 0x2A, 0x22, 0xBA, 0x65, 0x93,
    0xCF, 0x0A, 0x26, 0x54, 0x00, 0x18, 0x5F, 0x81, 0x27, 0x51, 0x04, 0x1C,
    0x5F, 0x81, 0x27, 0x40, 0x05, 0x1C, 0x0F, 0x98, 0x20, 0x0F, 0x00, 0x0A,
    0xBA, 0x65, 0x83, 0xCF, 0x2A, 0x22, 0xBA, 0x65, 0x93, 0x2F, 0xE2, 0x26,
    0x65, 0x01, 0x18, 0xCA, 0x65, 0x83, 0xF8, 0x80, 0x07, 0x04, 0x20, 0x47,
    0x0F, 0xE4, 0x26, 0xA1, 0x01, 0x18, 0x4E, 0x80, 0x07, 0x04, 0xF0, 0x41,
    0x0F, 0xE3, 0x26, 0x61, 0x01, 0x18, 0xCF, 0x2A, 0x22, 0xCA, 0x65, 0x93,
    0xDF, 0xE2, 0x26, 0x24, 0x01, 0x18, 0x9F, 0x80, 0x27, 0x70, 0x00, 0x18,
    0xDF, 0xA0, 0x23, 0x8A, 0x65, 0x93, 0xCA, 0x65, 0x83, 0x44, 0x01, 0x40,
    0x0F, 0xE2, 0x26, 0x04, 0x00, 0x0A, 0x1F, 0x81, 0x27, 0x51, 0x00, 0x18,
    0x5F, 0x81, 0x27, 0x30, 0x00, 0x18, 0xCF, 0x01, 0x1C, 0x0F, 0x00, 0x0A,
    0x9F, 0x02, 0x1C, 0x0F, 0x98, 0x20, 0x0F, 0x00, 0x0A, 0xDF, 0x80, 0x27,
    0x61, 0x00, 0x18, 0x1F, 0x80, 0x27, 0x01, 0x98, 0x20, 0x0F, 0x7A, 0x26,
    0x01, 0x98, 0x20, 0x0F, 0x00, 0x0A, 0xFF, 0x80, 0x23, 0x8A, 0x65, 0x93,
    0x0C, 0x10, 0x40, 0x50, 0x80, 0x07, 0x0B, 0x00, 0x40, 0x0F, 0x00, 0x0A,
    0x1F, 0x81, 0x27, 0xC1, 0x00, 0x1C, 0x5F, 0x81, 0x27, 0xA0, 0x00, 0x1C,
    0x6A, 0x67, 0x83, 0x74, 0x67, 0x83, 0x0F, 0xC2, 0x23, 0xDF, 0x82, 0x27,
    0x51, 0x00, 0x1C, 0x0F, 0x00, 0x0A, 0x4A, 0x00, 0x40, 0x9A, 0x65, 0x93,
    0x0F, 0x00, 0x0A, 0x3F, 0x80, 0x23, 0xBF, 0x82, 0x23, 0x3F, 0x00, 0x18,
    0x1F, 0xA0, 0x23, 0x9F, 0xA2, 0x23, 0xFF, 0x82, 0x23, 0x8A, 0x65, 0x93,
    0xB8, 0x65, 0x93, 0xC8, 0x65, 0x93, 0x3A, 0x00, 0x40, 0x9A, 0x65, 0x93,
    0x0F, 0x00, 0x0A, 0x2A, 0x00, 0x40, 0x9A, 0x65, 0x93, 0xB8, 0x65, 0x93,
    0xA8, 0x65, 0x93, 0x0F, 0x00, 0x0A, 0x0A, 0x00, 0x40, 0x9A, 0x65, 0x93,
    0x0F, 0x00, 0x0A, 0xA8, 0x65, 0x93, 0x5F, 0xA0, 0x23, 0x5F, 0x00, 0x18,
    0x7F, 0x80, 0x07, 0xFA, 0xFF, 0x4F, 0xAA, 0x65, 0x93, 0x7F, 0x80, 0x23,
    0x8A, 0x65, 0x93, 0x1A, 0x00, 0x40, 0x9A, 0x65, 0x93, 0x0F, 0x00, 0x0A,
    0x09, 0x08, 0xB0, 0x0F, 0x00, 0x40, 0x05, 0x80, 0x41, 0x81, 0x65, 0x83,
    0xDF, 0x89, 0x27, 0xE1, 0x00, 0x18, 0x1A, 0x66, 0x83, 0x5F, 0x62, 0x22,
    0xDF, 0xEA, 0x26, 0x75, 0x00, 0x18, 0x1A, 0x66, 0x93, 0x25, 0x66, 0x33,
    0xC5, 0x00, 0x78, 0xB5, 0x00, 0x78, 0x2D, 0x66, 0x33, 0x4F, 0x00, 0x18,
    0xAA, 0x66, 0x83, 0xCF, 0x2A, 0x22, 0xAA, 0x66, 0x93, 0x6A, 0x07, 0x8A,
    0x5F, 0x8A, 0x27, 0x51, 0x02, 0x18, 0x7A, 0x66, 0x83, 0x9F, 0x89, 0x27,
    0x31, 0x01, 0x18, 0x10, 0x66, 0x83, 0x5F, 0xE8, 0x26, 0xF4, 0x01, 0x18,
    0xC4, 0x7F, 0x41, 0x0F, 0xE2, 0x26, 0xC5, 0x01, 0x18, 0x3A, 0x66, 0x83,
    0x2F, 0xA2, 0x23, 0xDF, 0xBA, 0x23, 0x80, 0x66, 0x83, 0x70, 0x07, 0x9A,
    0x8A, 0x07, 0x9A, 0x40, 0x00, 0x40, 0x90, 0x07, 0x9A, 0x80, 0x0A, 0x40,
    0x60, 0x07, 0x9A, 0x9F, 0xA9, 0x23, 0xFF, 0x00, 0x18, 0x9F, 0x62, 0x22,
    0x7A, 0x66, 0x93, 0x1A, 0x66, 0x83, 0x5F, 0xEA, 0x22, 0x1A, 0x66, 0x93,
    0x35, 0x66, 0x33, 0x07, 0x02, 0xB0, 0x8A, 0x66, 0x83, 0x9F, 0x62, 0x22,
    0xC7, 0xEA, 0x76, 0x05, 0x7F, 0x22, 0x3D, 0x66, 0x33, 0x8A, 0x66, 0x93,
    0xBF, 0x89, 0x23, 0x1A, 0x00, 0x0D, 0x5F, 0x89, 0x27, 0xA1, 0x00, 0x18,
    0x4A, 0x66, 0x83, 0x5F, 0xE2, 0x22, 0x74, 0x00, 0x18, 0x4A, 0x66, 0x93,
    0x65, 0x66, 0x33, 0xC5, 0x00, 0x70, 0xB5, 0x00, 0x70, 0x6D, 0x66, 0x33,
    0x5F, 0x00, 0x18, 0xBA, 0x66, 0x83, 0xCF, 0x2A, 0x22, 0xBA, 0x66, 0x93,
    0x0F, 0x98, 0x20, 0x20, 0x07, 0x8A, 0x5F, 0x88, 0x27, 0x51, 0x02, 0x18,
    0x70, 0x66, 0x83, 0x1F, 0x89, 0x27, 0x31, 0x01, 0x18, 0x9F, 0xE0, 0x22,
    0x04, 0x02, 0x18, 0x40, 0x66, 0x83, 0x04, 0x06, 0x40, 0x0F, 0xE0, 0x22,
    0xC5, 0x01, 0x18, 0x5A, 0x66, 0x83, 0x04, 0x00, 0x48, 0x0F, 0x62, 0x22,
    0x90, 0x66, 0x83, 0x30, 0x07, 0x9A, 0x4A, 0x07, 0x9A, 0x40, 0x00, 0x40,
    0x50, 0x07, 0x9A, 0x80, 0x0A, 0x40, 0x20, 0x07, 0x9A, 0x1F, 0xA9, 0x23,
    0xFF, 0x00, 0x18, 0x9F, 0xE0, 0x22, 0x7A, 0x66, 0x93, 0x40, 0x66, 0x83,
    0x5F, 0x68, 0x22, 0x4A, 0x66, 0x93, 0x55, 0x66, 0x33, 0x07, 0x02, 0xB0,
    0x9A, 0x66, 0x83, 0x9F, 0x62, 0x22, 0xE7, 0xEA, 0x76, 0x05, 0x7F, 0x22,
    0x5D, 0x66, 0x33, 0x9A, 0x66, 0x93, 0x3F, 0x89, 0x23, 0x1A, 0x00, 0x0D,
    0x81, 0x65, 0x93, 0x0F, 0x00, 0x0A, 0xFA, 0x6D, 0x83, 0x71, 0x04, 0x8B,
    0xCF, 0x0A, 0x23, 0xA0, 0x00, 0x18, 0xCF, 0x0A, 0x23, 0xA0, 0x03, 0x18,
    0x1F, 0x81, 0x27, 0xC1, 0x03, 0x18, 0x1A, 0x00, 0x40, 0xFA, 0x6D, 0x93,
    0x0A, 0x00, 0x40, 0x5A, 0x6E, 0x93, 0x6A, 0x6E, 0x93, 0x5A, 0x6E, 0x83,
    0xCF, 0x2A, 0x22, 0x5A, 0x6E, 0x93, 0x2F, 0xE2, 0x26, 0x85, 0x02, 0x18,
    0x91, 0x79, 0xB3, 0x09, 0x00, 0xB0, 0x15, 0x00, 0xB0, 0x8A, 0x00, 0x40,
    0xB5, 0x00, 0x70, 0xC5, 0x00, 0x70, 0xF8, 0x80, 0x07, 0x04, 0x20, 0x47,
    0x0F, 0xE3, 0x26, 0x51, 0x00, 0x18, 0x4E, 0x80, 0x07, 0x05, 0xF0, 0x41,
    0x0F, 0xEC, 0x26, 0x50, 0x00, 0x18, 0x5F, 0xE2, 0x22, 0xAA, 0x7A, 0x2A,
    0x10, 0x02, 0x18, 0x3F, 0xFF, 0x1B, 0x84, 0x00, 0x40, 0x0F, 0xE2, 0x26,
    0xB0, 0x00, 0x18, 0x5F, 0x62, 0x22, 0x05, 0x6E, 0x33, 0x09, 0x20, 0xB0,
    0x15, 0x00, 0xB0, 0xB5, 0x00, 0x70, 0xC5, 0x00, 0x70, 0x0D, 0x6E, 0x33,
    0x0F, 0xE2, 0x26, 0x40, 0x01, 0x18, 0x7F, 0xFF, 0x1B, 0x6A, 0x6E, 0x83,
    0xCF, 0x2A, 0x22, 0x6A, 0x6E, 0x93, 0xDF, 0xE2, 0x26, 0xE4, 0x00, 0x18,
    0x44, 0x01, 0x40, 0x0F, 0xE2, 0x26, 0x04, 0x00, 0x0A, 0x0A, 0x00, 0x40,
    0x1F, 0x81, 0x27, 0x21, 0x00, 0x18, 0x2A, 0x00, 0x40, 0xFA, 0x6D, 0x93,
    0x0F, 0x00, 0x0A, 0x1F, 0x81, 0x27, 0x00, 0x00, 0x0A, 0x0A, 0x00, 0x40,
    0xFA, 0x6D, 0x93, 0x0F, 0x98, 0x20, 0x9C, 0x79, 0x93, 0xAB, 0x79, 0x93,
    0xBC, 0x79, 0x93, 0xCB, 0x79, 0x93, 0xDC, 0x79, 0x93, 0xEB, 0x79, 0x93,
    0xFC, 0x79, 0x93, 0x0B, 0x7A, 0x93, 0x0F, 0x00, 0x0A,

    //start:0x000EB8, len:95(words), 285(bytes)
    0x2A, 0x72, 0x83, 0xCF, 0x2A, 0x22, 0x2A, 0x72, 0x93, 0xB1, 0x01, 0x8B,
    0xC1, 0x38, 0x93, 0x5F, 0x81, 0x27, 0x00, 0x00, 0x0A, 0x1F, 0x81, 0x27,
    0x01, 0x00, 0x0A, 0x5C, 0x6A, 0x33, 0x00, 0xC8, 0x07, 0x68, 0x6A, 0x93,
    0x00, 0xC8, 0x07, 0x75, 0x6A, 0x93, 0x08, 0x04, 0xB0, 0x15, 0x00, 0xB0,
    0x08, 0x00, 0x40, 0x5A, 0x39, 0x83, 0x5F, 0xE2, 0x22, 0x94, 0x00, 0x18,
    0x5A, 0x39, 0x93, 0x44, 0x39, 0x33, 0xA1, 0x00, 0x70, 0x8A, 0x06, 0x98,
    0xA1, 0x00, 0x70, 0x9A, 0x06, 0x98, 0x4C, 0x39, 0x33, 0x6F, 0x00, 0x18,
    0x6A, 0x39, 0x83, 0xCF, 0x2A, 0x22, 0x6A, 0x39, 0x93, 0x88, 0x06, 0x98,
    0x98, 0x06, 0x98, 0xAA, 0x01, 0x8B, 0xEA, 0x38, 0x93, 0xF4, 0x38, 0x83,
    0x25, 0x39, 0x83, 0x0F, 0xE2, 0x22, 0x04, 0x6A, 0x22, 0x1A, 0x07, 0x9B,
    0x0A, 0x39, 0x93, 0x0A, 0x0E, 0x8A, 0x5F, 0x8A, 0x27, 0xE1, 0x02, 0x18,
    0x1A, 0x39, 0x83, 0x0F, 0x7A, 0x26, 0xB1, 0x01, 0x18, 0x5A, 0x39, 0x83,
    0x00, 0x80, 0x07, 0x04, 0x02, 0x40, 0x0F, 0xE2, 0x26, 0x65, 0x02, 0x18,
    0x9F, 0x81, 0x27, 0x41, 0x00, 0x18, 0x0A, 0x39, 0x83, 0x9F, 0xE2, 0x26,
    0x14, 0x02, 0x18, 0x00, 0xC8, 0x07, 0x15, 0x39, 0x93, 0xFA, 0x38, 0x83,
    0x02, 0x80, 0x07, 0x04, 0x00, 0x4A, 0x0F, 0x62, 0x22, 0x1A, 0x0E, 0x9A,
    0x3A, 0x39, 0x83, 0x04, 0x00, 0x48, 0x0F, 0x62, 0x22, 0x2A, 0x0E, 0x9A,
    0x4A, 0x00, 0x40, 0x3A, 0x0E, 0x9A, 0x8A, 0x0A, 0x40, 0x0A, 0x0E, 0x9A,
    0x1F, 0x01, 0x18, 0x18, 0x39, 0x93, 0xFA, 0x38, 0x83, 0x44, 0x00, 0x40,
    0x25, 0x39, 0x83, 0x0F, 0x62, 0x22, 0x0F, 0xEA, 0x26, 0x05, 0xEA, 0x22,
    0xFA, 0x38, 0x93, 0x34, 0x39, 0x33, 0x05, 0x02, 0xB0, 0x11, 0x00, 0x09,
    0x3C, 0x39, 0x33, 0x5A, 0x39, 0x83, 0x04, 0x02, 0x40, 0x0F, 0x62, 0x22,
    0x5A, 0x39, 0x93, 0x54, 0x6A, 0x33, 0x00, 0xC8, 0x07, 0x68, 0x6A, 0x83,
    0x00, 0xC8, 0x07, 0x75, 0x6A, 0x83, 0x0F, 0x00, 0x0A,

    //start:0x000F17, len:92(words), 276(bytes)
    0x8A, 0x77, 0x83, 0x0F, 0x7A, 0x26, 0x00, 0x00, 0x0A, 0x1A, 0x7E, 0x83,
    0x5F, 0x62, 0x22, 0x9F, 0xEA, 0x26, 0x54, 0x00, 0x18, 0x4A, 0x83, 0x83,
    0xCF, 0x2A, 0x22, 0x4A, 0x83, 0x93, 0x9F, 0x01, 0x18, 0x1A, 0x7E, 0x93,
    0x55, 0x77, 0x33, 0x09, 0x00, 0xB0, 0x25, 0x00, 0x70, 0x35, 0x00, 0x70,
    0xA1, 0x03, 0x0D, 0x00, 0x20, 0x0C, 0x16, 0x6C, 0x83, 0x0F, 0x20, 0x20,
    0x2C, 0x21, 0x28, 0x3C, 0x00, 0x0D, 0x1A, 0x0C, 0x0D, 0x99, 0x77, 0x83,
    0x0F, 0x42, 0x0E, 0x4F, 0x6F, 0x22, 0x4A, 0x6A, 0x22, 0x2A, 0x43, 0x10,
    0x4F, 0x6F, 0x22, 0x4A, 0x6A, 0x22, 0x35, 0x7E, 0x33, 0x09, 0x04, 0xB0,
    0x25, 0x00, 0x78, 0xA5, 0x00, 0x78, 0x3D, 0x7E, 0x33, 0xAA, 0x07, 0x8A,
    0x5F, 0x8A, 0x27, 0x01, 0x00, 0x0A, 0x4A, 0x7E, 0x83, 0x0F, 0x7A, 0x26,
    0x11, 0x02, 0x18, 0x1A, 0x7E, 0x83, 0x5F, 0xEA, 0x22, 0x04, 0x00, 0x0A,
    0xA0, 0x07, 0x8B, 0xC4, 0x01, 0x8B, 0x05, 0xC0, 0x40, 0x0F, 0xE0, 0x22,
    0x04, 0x6A, 0x22, 0x9F, 0x62, 0x22, 0xD4, 0x01, 0x8B, 0x0F, 0xE2, 0x26,
    0x54, 0x00, 0x18, 0x5A, 0x83, 0x83, 0xCF, 0x2A, 0x22, 0x5A, 0x83, 0x93,
    0x0F, 0x00, 0x0A, 0x1A, 0x00, 0x40, 0x4A, 0x7E, 0x93, 0x02, 0x80, 0x07,
    0x05, 0xC0, 0x4B, 0xAA, 0x07, 0x8B, 0x0F, 0x6A, 0x22, 0xBA, 0x07, 0x9A,
    0x2A, 0x7E, 0x83, 0x2F, 0xA2, 0x23, 0xDF, 0xBA, 0x23, 0xCA, 0x07, 0x9A,
    0x4A, 0x00, 0x40, 0xDA, 0x07, 0x9A, 0x8A, 0x0A, 0x40, 0xAA, 0x07, 0x9A,
    0x0F, 0x00, 0x0A, 0x0A, 0x00, 0x40, 0x4A, 0x7E, 0x93, 0x25, 0x7E, 0x33,
    0x09, 0x04, 0xB0, 0x05, 0x02, 0xB0, 0x15, 0x00, 0x09, 0x2D, 0x7E, 0x33,
    0x09, 0x00, 0xB0, 0x15, 0x00, 0xB0, 0x1A, 0x7E, 0x83, 0x5F, 0xEA, 0x22,
    0x1A, 0x7E, 0x93, 0xAA, 0x07, 0x8B, 0x04, 0xC0, 0x40, 0x9F, 0x62, 0x22,
    0x0F, 0xE2, 0x26, 0x05, 0x18, 0x22, 0xAA, 0x07, 0x9B, 0x0F, 0x00, 0x0A,

};

#define MST_CODEC_PM2_ADDR     0x2100
#define MST_CODEC_PM2_SIZE     0x0780

BYTE code mst_codec_pm2[]=
{   //PM 2 Addr: 0x2100-0x23FE[0x02FF] Len=0x0280(words)/1920(bytes)
    0x01, 0x01, 0x00, 0x21, 0x80, 0x07,

    //start:0x002100, len:1(words), 3(bytes)
    0x5F, 0x0D, 0x88,

    //start:0x002101, len:1(words), 3(bytes)
    0x20, 0x00, 0x00,

    //start:0x002102, len:1(words), 3(bytes)
    0x14, 0x00, 0x00,

    //start:0x002103, len:1(words), 3(bytes)
    0x00, 0x00, 0x00,

    //start:0x002104, len:1(words), 3(bytes)
    0x00, 0x00, 0x00,

    //start:0x002105, len:1(words), 3(bytes)
    0x80, 0x07, 0x00,

    //start:0x002106, len:1(words), 3(bytes)
    0x7A, 0x14, 0x00,

    //start:0x002107, len:1(words), 3(bytes)
    0x00, 0x00, 0x00,

    //start:0x002108, len:1(words), 3(bytes)
    0x05, 0x00, 0x00,

    //start:0x002109, len:1(words), 3(bytes)
    0x00, 0x00, 0x00,

    //start:0x00210A, len:5(words), 15(bytes)
    0x00, 0x00, 0x40, 0xB3, 0x3C, 0x84, 0x82, 0x9B, 0x3F, 0x4D, 0xC3, 0x7B,
    0x7E, 0x64, 0xC0,

    //start:0x00210F, len:5(words), 15(bytes)
    0x00, 0x00, 0x40, 0xB3, 0x3C, 0x84, 0x82, 0x9B, 0x3F, 0x4D, 0xC3, 0x7B,
    0x7E, 0x64, 0xC0,

    //start:0x002114, len:5(words), 15(bytes)
    0x00, 0x00, 0x40, 0xB3, 0x3C, 0x84, 0x82, 0x9B, 0x3F, 0x4D, 0xC3, 0x7B,
    0x7E, 0x64, 0xC0,

    //start:0x002119, len:5(words), 15(bytes)
    0x00, 0x00, 0x40, 0xB3, 0x3C, 0x84, 0x82, 0x9B, 0x3F, 0x4D, 0xC3, 0x7B,
    0x7E, 0x64, 0xC0,

    //start:0x00211E, len:5(words), 15(bytes)
    0x00, 0x00, 0x40, 0xCC, 0x5E, 0xA6, 0x6B, 0xC1, 0x3E, 0x34, 0xA1, 0x59,
    0x95, 0x3E, 0xC1,

    //start:0x002123, len:5(words), 15(bytes)
    0x00, 0x00, 0x40, 0xB3, 0x3C, 0x84, 0x82, 0x9B, 0x3F, 0x4D, 0xC3, 0x7B,
    0x7E, 0x64, 0xC0,

    //start:0x002128, len:5(words), 15(bytes)
    0x00, 0x00, 0x40, 0xB3, 0x3C, 0x84, 0x82, 0x9B, 0x3F, 0x4D, 0xC3, 0x7B,
    0x7E, 0x64, 0xC0,

    //start:0x00212D, len:5(words), 15(bytes)
    0x00, 0x00, 0x40, 0xCC, 0x5E, 0xA6, 0x6B, 0xC1, 0x3E, 0x34, 0xA1, 0x59,
    0x95, 0x3E, 0xC1,

    //start:0x002132, len:8(words), 24(bytes)
    0x01, 0x00, 0x00, 0x01, 0x00, 0x00, 0x01, 0x00, 0x00, 0x01, 0x00, 0x00,
    0x01, 0x00, 0x00, 0x01, 0x00, 0x00, 0x01, 0x00, 0x00, 0x01, 0x00, 0x00,

    //start:0x00213A, len:1(words), 3(bytes)
    0xFF, 0xFF, 0xFF,

    //start:0x00213B, len:1(words), 3(bytes)
    0xFF, 0xFF, 0xFF,

    //start:0x00213C, len:5(words), 15(bytes)
    0xD8, 0xB4, 0x3F, 0x51, 0x96, 0x80, 0xD8, 0xB4, 0x3F, 0x58, 0x69, 0x7F,
    0xF9, 0x95, 0xC0,

    //start:0x002141, len:1(words), 3(bytes)
    0x01, 0x00, 0x00,

    //start:0x002142, len:1(words), 3(bytes)
    0x00, 0x00, 0x00,

    //start:0x002143, len:5(words), 15(bytes)
    0x00, 0x00, 0x40, 0x90, 0x8D, 0x83, 0xFF, 0x8A, 0x3C, 0x71, 0x72, 0x7C,
    0x02, 0x75, 0xC3,

    //start:0x002148, len:1(words), 3(bytes)
    0x01, 0x00, 0x00,

    //start:0x002149, len:5(words), 15(bytes)
    0x00, 0x00, 0x10, 0x4B, 0x19, 0xF6, 0xC3, 0xD6, 0x03, 0xB6, 0xE6, 0x09,
    0x3E, 0x29, 0xFC,

    //start:0x00214E, len:1(words), 3(bytes)
    0x03, 0x00, 0x00,

    //start:0x00214F, len:1(words), 3(bytes)
    0x20, 0x00, 0x00,

    //start:0x002150, len:1(words), 3(bytes)
    0x14, 0x00, 0x00,

    //start:0x002151, len:1(words), 3(bytes)
    0x00, 0x00, 0x00,

    //start:0x002152, len:1(words), 3(bytes)
    0x05, 0x00, 0x00,

    //start:0x002153, len:1(words), 3(bytes)
    0x00, 0x00, 0x00,

    //start:0x002154, len:1(words), 3(bytes)
    0x80, 0x07, 0x00,

    //start:0x002155, len:2(words), 6(bytes)
    0xD7, 0x95, 0x00, 0x28, 0x6A, 0x7F,

    //start:0x002157, len:1(words), 3(bytes)
    0xAA, 0xAA, 0x02,

    //start:0x002158, len:8(words), 24(bytes)
    0xC0, 0x00, 0x00, 0x80, 0x01, 0x00, 0x00, 0x03, 0x00, 0xC1, 0x03, 0x00,
    0x01, 0x05, 0x00, 0x82, 0x07, 0x00, 0x03, 0x0F, 0x00, 0x01, 0x4B, 0x00,

    //start:0x002160, len:8(words), 24(bytes)
    0xC0, 0x00, 0x00, 0x80, 0x01, 0x00, 0x00, 0x03, 0x00, 0xC1, 0x03, 0x00,
    0x01, 0x05, 0x00, 0x82, 0x07, 0x00, 0x03, 0x0F, 0x00, 0x01, 0x4B, 0x00,

    //start:0x002168, len:1(words), 3(bytes)
    0x87, 0xED, 0x67,

    //start:0x002169, len:1(words), 3(bytes)
    0x4B, 0xFE, 0x7F,

    //start:0x00216A, len:1(words), 3(bytes)
    0xB9, 0xAF, 0xC3,

    //start:0x00216B, len:2(words), 6(bytes)
    0x0E, 0xBE, 0x3C, 0xA8, 0x79, 0x83,

    //start:0x00216D, len:1(words), 3(bytes)
    0xAF, 0xD8, 0xDF,

    //start:0x00216E, len:2(words), 6(bytes)
    0xB4, 0x59, 0x25, 0x22, 0xB0, 0xAE,

    //start:0x002170, len:1(words), 3(bytes)
    0xB9, 0xAF, 0xC3,

    //start:0x002171, len:2(words), 6(bytes)
    0x0E, 0xBE, 0x3C, 0xA8, 0x79, 0x83,

    //start:0x002173, len:1(words), 3(bytes)
    0xA8, 0xFC, 0xC1,

    //start:0x002174, len:2(words), 6(bytes)
    0xA4, 0x61, 0x3E, 0x71, 0xAE, 0x81,

    //start:0x002176, len:1(words), 3(bytes)
    0x1E, 0xDF, 0xC6,

    //start:0x002177, len:2(words), 6(bytes)
    0x99, 0xD0, 0x3A, 0x1F, 0xF9, 0x85,

    //start:0x002179, len:1(words), 3(bytes)
    0x58, 0xA9, 0xD2,

    //start:0x00217A, len:2(words), 6(bytes)
    0x9E, 0xE5, 0x31, 0x0C, 0x8D, 0x94,

    //start:0x00217C, len:1(words), 3(bytes)
    0xF6, 0x53, 0xE9,

    //start:0x00217D, len:2(words), 6(bytes)
    0xD0, 0x99, 0x27, 0x75, 0xC8, 0xBE,

    //start:0x00217F, len:20(words), 60(bytes)
    0x00, 0x00, 0x40, 0x90, 0x8D, 0x83, 0xFF, 0x8A, 0x3C, 0x71, 0x72, 0x7C,
    0x02, 0x75, 0xC3, 0x95, 0x37, 0x40, 0xBE, 0x90, 0x83, 0x98, 0x56, 0x3C,
    0x71, 0x72, 0x7C, 0x02, 0x75, 0xC3, 0x2A, 0x76, 0x40, 0xBF, 0x94, 0x83,
    0x03, 0x1C, 0x3C, 0x71, 0x72, 0x7C, 0x02, 0x75, 0xC3, 0xA9, 0xBC, 0x40,
    0xC8, 0x99, 0x83, 0x8F, 0xDA, 0x3B, 0x71, 0x72, 0x7C, 0x02, 0x75, 0xC3,

    //start:0x002193, len:20(words), 60(bytes)
    0x00, 0x00, 0x00, 0x00, 0x00, 0x00, 0x00, 0x00, 0x00, 0x00, 0x00, 0x00,
    0x00, 0x00, 0x00, 0x00, 0x00, 0x00, 0x00, 0x00, 0x00, 0x00, 0x00, 0x00,
    0x00, 0x00, 0x00, 0x00, 0x00, 0x00, 0x00, 0x00, 0x00, 0x00, 0x00, 0x00,
    0x00, 0x00, 0x00, 0x00, 0x00, 0x00, 0x00, 0x00, 0x00, 0x00, 0x00, 0x00,
    0x00, 0x00, 0x00, 0x00, 0x00, 0x00, 0x00, 0x00, 0x00, 0x00, 0x00, 0x00,

    //start:0x0021A7, len:20(words), 60(bytes)
    0x00, 0x00, 0x40, 0x90, 0x8D, 0x83, 0xFF, 0x8A, 0x3C, 0x71, 0x72, 0x7C,
    0x02, 0x75, 0xC3, 0x95, 0x37, 0x40, 0xBE, 0x90, 0x83, 0x98, 0x56, 0x3C,
    0x71, 0x72, 0x7C, 0x02, 0x75, 0xC3, 0x2A, 0x76, 0x40, 0xBF, 0x94, 0x83,
    0x03, 0x1C, 0x3C, 0x71, 0x72, 0x7C, 0x02, 0x75, 0xC3, 0xA9, 0xBC, 0x40,
    0xC8, 0x99, 0x83, 0x8F, 0xDA, 0x3B, 0x71, 0x72, 0x7C, 0x02, 0x75, 0xC3,

    //start:0x0021BB, len:5(words), 15(bytes)
    0x0C, 0x69, 0x3F, 0xE7, 0x2D, 0x81, 0x0C, 0x69, 0x3F, 0xB5, 0xD0, 0x7E,
    0x83, 0x2C, 0xC1,

    //start:0x0021C0, len:48(words), 144(bytes)
    0x00, 0x00, 0x00, 0x00, 0x60, 0x08, 0x00, 0x9B, 0x10, 0x00, 0x8D, 0x18,
    0x00, 0x14, 0x20, 0x00, 0x0D, 0x27, 0x00, 0x5C, 0x2D, 0x00, 0xE5, 0x32,
    0x00, 0x8E, 0x37, 0x00, 0x44, 0x3B, 0x00, 0xF7, 0x3D, 0x00, 0x9A, 0x3F,
    0x00, 0x26, 0x40, 0x00, 0x9A, 0x3F, 0x00, 0xF6, 0x3D, 0x00, 0x44, 0x3B,
    0x00, 0x8F, 0x37, 0x00, 0xE5, 0x32, 0x00, 0x5D, 0x2D, 0x00, 0x0E, 0x27,
    0x00, 0x14, 0x20, 0x00, 0x8C, 0x18, 0x00, 0x9B, 0x10, 0x00, 0x5F, 0x08,
    0x00, 0x01, 0x00, 0x00, 0xA0, 0xF7, 0x00, 0x66, 0xEF, 0x00, 0x73, 0xE7,
    0x00, 0xEC, 0xDF, 0x00, 0xF2, 0xD8, 0x00, 0xA3, 0xD2, 0x00, 0x1A, 0xCD,
    0x00, 0x72, 0xC8, 0x00, 0xBC, 0xC4, 0x00, 0x0A, 0xC2, 0x00, 0x66, 0xC0,
    0x00, 0xDA, 0xBF, 0x00, 0x66, 0xC0, 0x00, 0x09, 0xC2, 0x00, 0xBB, 0xC4,
    0x00, 0x71, 0xC8, 0x00, 0x1B, 0xCD, 0x00, 0xA4, 0xD2, 0x00, 0xF2, 0xD8,
    0x00, 0xEC, 0xDF, 0x00, 0x74, 0xE7, 0x00, 0x66, 0xEF, 0x00, 0xA0, 0xF7,

    //start:0x0021F0, len:16(words), 48(bytes)
    0xFF, 0xFF, 0x7F, 0x7C, 0xAC, 0x65, 0x18, 0xC3, 0x50, 0xC1, 0x26, 0x40,
    0x02, 0xF5, 0x32, 0xFA, 0x79, 0x28, 0xC4, 0x26, 0x20, 0xE2, 0x89, 0x19,
    0x31, 0x49, 0x14, 0x11, 0x1D, 0x10, 0xA0, 0xCC, 0x0C, 0xAE, 0x2A, 0x0A,
    0x59, 0x13, 0x08, 0x20, 0x6A, 0x06, 0x5C, 0x18, 0x05, 0x0E, 0x0C, 0x04,

    //start:0x002200, len:16(words), 48(bytes)
    0xFF, 0xFF, 0x7F, 0xCD, 0x2B, 0x7E, 0x4C, 0x5E, 0x7C, 0x62, 0x97, 0x7A,
    0xF8, 0xD6, 0x78, 0xF6, 0x1C, 0x77, 0x45, 0x69, 0x75, 0xCD, 0xBB, 0x73,
    0x79, 0x14, 0x72, 0x32, 0x73, 0x70, 0xE0, 0xD7, 0x6E, 0x6E, 0x42, 0x6D,
    0xC8, 0xB2, 0x6B, 0xD8, 0x28, 0x6A, 0x89, 0xA4, 0x68, 0xC7, 0x25, 0x67,

    //start:0x002210, len:6(words), 18(bytes)
    0xEC, 0x36, 0x00, 0xF0, 0x36, 0x00, 0xF2, 0x36, 0x00, 0xEE, 0x36, 0x00,
    0xF1, 0x36, 0x00, 0xF4, 0x36, 0x00,

    //start:0x002216, len:1(words), 3(bytes)
    0xAA, 0xAA, 0x02,

    //start:0x002217, len:2(words), 6(bytes)
    0x00, 0x00, 0x00, 0x00, 0x00, 0x00,

    //start:0x002219, len:1(words), 3(bytes)
    0xFF, 0xFF, 0x7F,

    //start:0x00221A, len:1(words), 3(bytes)
    0x80, 0x25, 0x00,

    //start:0x00221B, len:1(words), 3(bytes)
    0x00, 0x00, 0x00,

    //start:0x00221C, len:1(words), 3(bytes)
    0xFF, 0xFF, 0x7F,

    //start:0x00221D, len:1(words), 3(bytes)
    0xFF, 0xFF, 0x7F,

    //start:0x00221E, len:1(words), 3(bytes)
    0x80, 0x25, 0x00,

    //start:0x00221F, len:1(words), 3(bytes)
    0x00, 0x00, 0x00,

    //start:0x002220, len:1(words), 3(bytes)
    0xFF, 0xFF, 0x7F,

    //start:0x002221, len:1(words), 3(bytes)
    0x21, 0x00, 0x00,

    //start:0x002222, len:1(words), 3(bytes)
    0x66, 0x66, 0xA6,

    //start:0x002223, len:1(words), 3(bytes)
    0x33, 0x33, 0x93,

    //start:0x002224, len:81(words), 243(bytes)
    0x00, 0x00, 0x7D, 0xFD, 0xD6, 0x78, 0x83, 0x14, 0x72, 0xD6, 0xB2, 0x6B,
    0x8C, 0xAC, 0x65, 0x89, 0xFC, 0x5F, 0xF8, 0x9D, 0x5A, 0x4B, 0x8C, 0x55,
    0x36, 0xC3, 0x50, 0xA8, 0x3E, 0x4C, 0xCD, 0xFA, 0x47, 0x05, 0xF4, 0x43,
    0xE7, 0x26, 0x40, 0x38, 0x90, 0x3C, 0xEE, 0x2C, 0x39, 0x27, 0xFA, 0x35,
    0x2D, 0xF5, 0x32, 0x71, 0x1B, 0x30, 0x86, 0x6A, 0x2D, 0x26, 0xE0, 0x2A,
    0x27, 0x7A, 0x28, 0x80, 0x36, 0x26, 0x47, 0x13, 0x24, 0xAA, 0x0E, 0x22,
    0xF3, 0x26, 0x20, 0x84, 0x5A, 0x1E, 0xD7, 0xA7, 0x1C, 0x7B, 0x0D, 0x1B,
    0x13, 0x8A, 0x19, 0x57, 0x1C, 0x18, 0x11, 0xC3, 0x16, 0x1B, 0x7D, 0x15,
    0x61, 0x49, 0x14, 0xDD, 0x26, 0x13, 0x9A, 0x14, 0x12, 0xAF, 0x11, 0x11,
    0x3F, 0x1D, 0x10, 0x7C, 0x36, 0x0F, 0xA1, 0x5C, 0x0E, 0xF6, 0x8E, 0x0D,
    0xCD, 0xCC, 0x0C, 0x80, 0x15, 0x0C, 0x73, 0x68, 0x0B, 0x15, 0xC5, 0x0A,
    0xDB, 0x2A, 0x0A, 0x41, 0x99, 0x09, 0xCC, 0x0F, 0x09, 0x08, 0x8E, 0x08,
    0x85, 0x13, 0x08, 0xDE, 0x9F, 0x07, 0xAE, 0x32, 0x07, 0x9A, 0xCB, 0x06,
    0x4A, 0x6A, 0x06, 0x6C, 0x0E, 0x06, 0xB1, 0xB7, 0x05, 0xD1, 0x65, 0x05,
    0x84, 0x18, 0x05, 0x8B, 0xCF, 0x04, 0xA7, 0x8A, 0x04, 0x9D, 0x49, 0x04,
    0x37, 0x0C, 0x04, 0x40, 0xD2, 0x03, 0x87, 0x9B, 0x03, 0xDE, 0x67, 0x03,
    0x18, 0x37, 0x03, 0x0D, 0x09, 0x03, 0x96, 0xDD, 0x02, 0x8C, 0xB4, 0x02,
    0xCF, 0x8D, 0x02, 0x3C, 0x69, 0x02, 0xB5, 0x46, 0x02, 0x1C, 0x26, 0x02,
    0x56, 0x07, 0x02, 0x49, 0xEA, 0x01, 0xDC, 0xCE, 0x01, 0xF8, 0xB4, 0x01,
    0x86, 0x9C, 0x01, 0x73, 0x85, 0x01, 0xAA, 0x6F, 0x01, 0x19, 0x5B, 0x01,
    0xAE, 0x47, 0x01,

    //start:0x002275, len:40(words), 120(bytes)
    0x2A, 0x36, 0x00, 0x2E, 0x36, 0x00, 0x30, 0x36, 0x00, 0x2C, 0x36, 0x00,
    0x2F, 0x36, 0x00, 0x32, 0x36, 0x00, 0x48, 0x36, 0x00, 0x4A, 0x36, 0x00,
    0x49, 0x36, 0x00, 0x4B, 0x36, 0x00, 0x4C, 0x36, 0x00, 0x4E, 0x36, 0x00,
    0x4D, 0x36, 0x00, 0x4F, 0x36, 0x00, 0x20, 0x36, 0x00, 0x24, 0x36, 0x00,
    0x26, 0x36, 0x00, 0x22, 0x36, 0x00, 0x25, 0x36, 0x00, 0x28, 0x36, 0x00,
    0x50, 0x36, 0x00, 0x52, 0x36, 0x00, 0x51, 0x36, 0x00, 0x53, 0x36, 0x00,
    0x34, 0x36, 0x00, 0x38, 0x36, 0x00, 0x3A, 0x36, 0x00, 0x36, 0x36, 0x00,
    0x39, 0x36, 0x00, 0x3C, 0x36, 0x00, 0x54, 0x36, 0x00, 0x56, 0x36, 0x00,
    0x55, 0x36, 0x00, 0x57, 0x36, 0x00, 0x3E, 0x36, 0x00, 0x42, 0x36, 0x00,
    0x44, 0x36, 0x00, 0x40, 0x36, 0x00, 0x43, 0x36, 0x00, 0x46, 0x36, 0x00,

    //start:0x00229D, len:5(words), 15(bytes)
    0x00, 0x00, 0x40, 0xDD, 0x1C, 0x80, 0x42, 0xF3, 0x3F, 0x23, 0xE3, 0x7F,
    0xBE, 0x0C, 0xC0,

    //start:0x0022A2, len:5(words), 15(bytes)
    0x00, 0x00, 0x40, 0x3F, 0xC3, 0x82, 0xF3, 0xAF, 0x3F, 0xC1, 0x3C, 0x7D,
    0x0D, 0x50, 0xC0,

    //start:0x0022A7, len:5(words), 15(bytes)
    0x00, 0x00, 0x40, 0x7E, 0xDD, 0xFF, 0x83, 0x89, 0x3D, 0x82, 0x22, 0x00,
    0x7D, 0x76, 0xC2,

    //start:0x0022AC, len:5(words), 15(bytes)
    0x00, 0x00, 0x40, 0x7E, 0xDD, 0xFF, 0x83, 0x89, 0x3D, 0x82, 0x22, 0x00,
    0x7D, 0x76, 0xC2,

    //start:0x0022B1, len:5(words), 15(bytes)
    0x00, 0x00, 0x40, 0x7E, 0xDD, 0xFF, 0x83, 0x89, 0x3D, 0x82, 0x22, 0x00,
    0x7D, 0x76, 0xC2,

    //start:0x0022B6, len:5(words), 15(bytes)
    0x00, 0x00, 0x40, 0x7E, 0xDD, 0xFF, 0x83, 0x89, 0x3D, 0x82, 0x22, 0x00,
    0x7D, 0x76, 0xC2,

    //start:0x0022BB, len:5(words), 15(bytes)
    0x00, 0x00, 0x40, 0x7E, 0xDD, 0xFF, 0x83, 0x89, 0x3D, 0x82, 0x22, 0x00,
    0x7D, 0x76, 0xC2,

    //start:0x0022C0, len:5(words), 15(bytes)
    0x00, 0x00, 0x40, 0x7E, 0xDD, 0xFF, 0x83, 0x89, 0x3D, 0x82, 0x22, 0x00,
    0x7D, 0x76, 0xC2,

    //start:0x0022C5, len:16(words), 48(bytes)
    0xFF, 0xFF, 0x7F, 0x2F, 0xC3, 0x50, 0x22, 0xF5, 0x32, 0xE5, 0x26, 0x20,
    0x52, 0x49, 0x14, 0xBC, 0xCC, 0x0C, 0x76, 0x13, 0x08, 0x74, 0x18, 0x05,
    0x07, 0x37, 0x03, 0x46, 0x07, 0x02, 0x9D, 0x47, 0x01, 0xAE, 0xCE, 0x00,
    0x61, 0x82, 0x00, 0x3D, 0x52, 0x00, 0xDD, 0x33, 0x00, 0xB4, 0x20, 0x00,

    //start:0x0022D5, len:16(words), 48(bytes)
    0xFF, 0xFF, 0x7F, 0x4D, 0x5E, 0x7C, 0xFB, 0xD6, 0x78, 0x4A, 0x69, 0x75,
    0x80, 0x14, 0x72, 0xE8, 0xD7, 0x6E, 0xD2, 0xB2, 0x6B, 0x94, 0xA4, 0x68,
    0x88, 0xAC, 0x65, 0x0C, 0xCA, 0x62, 0x84, 0xFC, 0x5F, 0x57, 0x43, 0x5D,
    0xF2, 0x9D, 0x5A, 0xC5, 0x0B, 0x58, 0x45, 0x8C, 0x55, 0xE9, 0x1E, 0x53,

    //start:0x0022E5, len:16(words), 48(bytes)
    0xFF, 0xFF, 0x7F, 0x82, 0x14, 0x72, 0x8C, 0xAC, 0x65, 0xF7, 0x9D, 0x5A,
    0x35, 0xC3, 0x50, 0xCB, 0xFA, 0x47, 0xE6, 0x26, 0x40, 0xEC, 0x2C, 0x39,
    0x2B, 0xF5, 0x32, 0x84, 0x6A, 0x2D, 0x24, 0x7A, 0x28, 0x44, 0x13, 0x24,
    0xF0, 0x26, 0x20, 0xD4, 0xA7, 0x1C, 0x0F, 0x8A, 0x19, 0x0D, 0xC3, 0x16,

    //start:0x0022F5, len:1(words), 3(bytes)
    0xA8, 0xFC, 0xC1,

    //start:0x0022F6, len:2(words), 6(bytes)
    0xA4, 0x61, 0x3E, 0x71, 0xAE, 0x81,

    //start:0x0022F8, len:1(words), 3(bytes)
    0x1E, 0xDF, 0xC6,

    //start:0x0022F9, len:2(words), 6(bytes)
    0x99, 0xD0, 0x3A, 0x1F, 0xF9, 0x85,

    //start:0x0022FB, len:1(words), 3(bytes)
    0x58, 0xA9, 0xD2,

    //start:0x0022FC, len:2(words), 6(bytes)
    0x9E, 0xE5, 0x31, 0x0C, 0x8D, 0x94,

    //start:0x0022FE, len:1(words), 3(bytes)
    0xF6, 0x53, 0xE9,

    //start:0x0022FF, len:2(words), 6(bytes)
    0xD0, 0x99, 0x27, 0x75, 0xC8, 0xBE,

    //start:0x002301, len:8(words), 24(bytes)
    0xFF, 0xFF, 0x7F, 0x5D, 0x49, 0x14, 0x15, 0x37, 0x03, 0x71, 0x82, 0x00,
    0xA9, 0x14, 0x00, 0x43, 0x03, 0x00, 0x81, 0x00, 0x00, 0x11, 0x00, 0x00,

    //start:0x002309, len:8(words), 24(bytes)
    0xFF, 0xFF, 0x7F, 0xCE, 0x2B, 0x7E, 0x4D, 0x5E, 0x7C, 0x64, 0x97, 0x7A,
    0xFB, 0xD6, 0x78, 0xFA, 0x1C, 0x77, 0x4A, 0x69, 0x75, 0xD4, 0xBB, 0x73,

    //start:0x002311, len:8(words), 24(bytes)
    0xC0, 0x00, 0x00, 0x80, 0x01, 0x00, 0x00, 0x03, 0x00, 0xC1, 0x03, 0x00,
    0x01, 0x05, 0x00, 0x82, 0x07, 0x00, 0x03, 0x0F, 0x00, 0x01, 0x4B, 0x00,

    //start:0x002319, len:8(words), 24(bytes)
    0xC0, 0x00, 0x00, 0x80, 0x01, 0x00, 0x00, 0x03, 0x00, 0xC1, 0x03, 0x00,
    0x01, 0x05, 0x00, 0x82, 0x07, 0x00, 0x03, 0x0F, 0x00, 0x01, 0x4B, 0x00,

    //start:0x002321, len:8(words), 24(bytes)
    0x01, 0x00, 0x00, 0x01, 0x00, 0x00, 0x01, 0x00, 0x00, 0x01, 0x00, 0x00,
    0x01, 0x00, 0x00, 0x01, 0x00, 0x00, 0x01, 0x00, 0x00, 0x01, 0x00, 0x00,

    //start:0x002329, len:8(words), 24(bytes)
    0xCC, 0xCC, 0x0C, 0x99, 0x99, 0x19, 0x66, 0x66, 0x26, 0x33, 0x33, 0x33,
    0x00, 0x00, 0x40, 0xCC, 0xCC, 0x4C, 0x99, 0x99, 0x59, 0x66, 0x66, 0x66,

    //start:0x002331, len:6(words), 18(bytes)
    0xF6, 0x36, 0x00, 0xFA, 0x36, 0x00, 0xFC, 0x36, 0x00, 0xF8, 0x36, 0x00,
    0xFB, 0x36, 0x00, 0xFE, 0x36, 0x00,

    //start:0x002337, len:6(words), 18(bytes)
    0x00, 0x37, 0x00, 0x04, 0x37, 0x00, 0x06, 0x37, 0x00, 0x02, 0x37, 0x00,
    0x05, 0x37, 0x00, 0x08, 0x37, 0x00,

    //start:0x00233D, len:5(words), 15(bytes)
    0x00, 0x00, 0x40, 0x90, 0x8D, 0x83, 0xFF, 0x8A, 0x3C, 0x71, 0x72, 0x7C,
    0x02, 0x75, 0xC3,

    //start:0x002342, len:5(words), 15(bytes)
    0x00, 0x00, 0x10, 0x4B, 0x19, 0xF6, 0xC3, 0xD6, 0x03, 0xB6, 0xE6, 0x09,
    0x3E, 0x29, 0xFC,

    //start:0x002347, len:1(words), 3(bytes)
    0x00, 0x00, 0x20,

    //start:0x002348, len:1(words), 3(bytes)
    0x00, 0x00, 0x20,

    //start:0x002349, len:1(words), 3(bytes)
    0x00, 0x00, 0x20,

    //start:0x00234A, len:1(words), 3(bytes)
    0x00, 0x00, 0x20,

    //start:0x00234B, len:1(words), 3(bytes)
    0x00, 0x00, 0x20,

    //start:0x00234C, len:5(words), 15(bytes)
    0x00, 0x00, 0x40, 0x90, 0x8D, 0x83, 0xFF, 0x8A, 0x3C, 0x71, 0x72, 0x7C,
    0x02, 0x75, 0xC3,

    //start:0x002351, len:4(words), 12(bytes)
    0x58, 0x39, 0xAC, 0x89, 0x41, 0x98, 0xF8, 0xC2, 0x8C, 0xB9, 0x8D, 0x86,

    //start:0x002355, len:4(words), 12(bytes)
    0x60, 0x19, 0xB6, 0x99, 0xE0, 0xC0, 0x0A, 0xFB, 0xCA, 0xC0, 0x8C, 0xD4,

    //start:0x002359, len:4(words), 12(bytes)
    0xCC, 0xCC, 0x0C, 0x33, 0x33, 0x13, 0x99, 0x99, 0x19, 0x00, 0x00, 0x20,

    //start:0x00235D, len:4(words), 12(bytes)
    0x00, 0x00, 0x20, 0x66, 0x66, 0x26, 0xCC, 0xCC, 0x2C, 0x99, 0x99, 0x39,

    //start:0x002361, len:1(words), 3(bytes)
    0x02, 0x00, 0x00,

    //start:0x002362, len:1(words), 3(bytes)
    0x80, 0x01, 0x00,

    //start:0x002363, len:1(words), 3(bytes)
    0xC0, 0x00, 0x00,

    //start:0x002364, len:1(words), 3(bytes)
    0x02, 0x00, 0x00,

    //start:0x002365, len:1(words), 3(bytes)
    0x87, 0xED, 0x67,

    //start:0x002366, len:1(words), 3(bytes)
    0x4B, 0xFE, 0x7F,

    //start:0x002367, len:1(words), 3(bytes)
    0xB9, 0xAF, 0xC3,

    //start:0x002368, len:2(words), 6(bytes)
    0x0E, 0xBE, 0x3C, 0xA8, 0x79, 0x83,

    //start:0x00236A, len:1(words), 3(bytes)
    0xAF, 0xD8, 0xDF,

    //start:0x00236B, len:2(words), 6(bytes)
    0xB4, 0x59, 0x25, 0x22, 0xB0, 0xAE,

    //start:0x00236D, len:1(words), 3(bytes)
    0xB9, 0xAF, 0xC3,

    //start:0x00236E, len:2(words), 6(bytes)
    0x0E, 0xBE, 0x3C, 0xA8, 0x79, 0x83,

    //start:0x002370, len:1(words), 3(bytes)
    0xFF, 0xFF, 0x7F,

    //start:0x002371, len:1(words), 3(bytes)
    0x00, 0x00, 0x30,

    //start:0x002372, len:1(words), 3(bytes)
    0x00, 0x00, 0x20,

    //start:0x002373, len:3(words), 9(bytes)
    0x00, 0xAA, 0x2A, 0x00, 0xAA, 0x2A, 0x00, 0xAA, 0x2A,

    //start:0x002376, len:3(words), 9(bytes)
    0x00, 0x38, 0x01, 0x00, 0x38, 0x81, 0x00, 0x00, 0x00,

    //start:0x002379, len:2(words), 6(bytes)
    0xD7, 0x95, 0x00, 0x28, 0x6A, 0x7F,

    //start:0x00237B, len:1(words), 3(bytes)
    0x01, 0x00, 0x00,

    //start:0x00237C, len:1(words), 3(bytes)
    0x01, 0x00, 0x00,

    //start:0x00237D, len:1(words), 3(bytes)
    0x03, 0x00, 0x00,

    //start:0x00237E, len:1(words), 3(bytes)
    0xFF, 0xFF, 0xFF,

    //start:0x00237F, len:1(words), 3(bytes)
    0xFF, 0xFF, 0xFF,

};

#define MST_CODEC_PM3_ADDR     0x8000
#define MST_CODEC_PM3_SIZE     0x3B9A

BYTE code mst_codec_pm3[]=
{   //PM 3 Addr: 0x8000-0x9FFF[0x2000] Len=0x13DE(words)/15258(bytes)
    0x01, 0x01, 0x00, 0x80, 0x9A, 0x3B,

    //start:0x008000, len:1724(words), 5172(bytes)
    0x02, 0x80, 0x07, 0x3F, 0x02, 0x1C, 0x02, 0x80, 0x07, 0x8F, 0x02, 0x1C,
    0x02, 0x80, 0x07, 0x1F, 0x04, 0x1C, 0x02, 0x80, 0x07, 0xCF, 0x04, 0x1C,
    0x02, 0x80, 0x07, 0x3F, 0x06, 0x1C, 0x02, 0x80, 0x07, 0x1F, 0x0C, 0x1C,
    0x02, 0x80, 0x07, 0x7F, 0x0F, 0x1C, 0x02, 0x80, 0x07, 0x5F, 0xCE, 0x1C,
    0x02, 0x80, 0x07, 0x3F, 0x35, 0x1D, 0x02, 0x80, 0x07, 0x4F, 0xF5, 0x1C,
    0x02, 0x80, 0x07, 0xCF, 0x25, 0x1D, 0x02, 0x80, 0x07, 0x2F, 0xFB, 0x1C,
    0x02, 0x80, 0x07, 0xBF, 0x37, 0x1D, 0x9A, 0x40, 0x8B, 0x3F, 0x82, 0x23,
    0x7F, 0x82, 0x23, 0x9A, 0x40, 0x9B, 0x02, 0x80, 0x07, 0xCF, 0x6B, 0x1C,
    0x02, 0x80, 0x07, 0xFF, 0x57, 0x1C, 0x0F, 0x00, 0x0A, 0xA1, 0x03, 0x0D,
    0xDF, 0xAA, 0x23, 0x1A, 0x0C, 0x0D, 0x1D, 0x00, 0xA0, 0x0F, 0x00, 0x0A,
    0x82, 0x03, 0xBB, 0x00, 0x80, 0x07, 0x85, 0x00, 0xA0, 0x2E, 0x00, 0x14,
    0x00, 0xC0, 0x07, 0x09, 0x00, 0xB0, 0x02, 0x07, 0xBB, 0x00, 0x80, 0x07,
    0x05, 0x01, 0xA0, 0x2E, 0x00, 0x14, 0x00, 0xC0, 0x07, 0x09, 0x00, 0xB0,
    0x02, 0x10, 0xBB, 0x00, 0x80, 0x07, 0x05, 0x01, 0xA0, 0x2E, 0x00, 0x14,
    0x00, 0xC0, 0x07, 0x09, 0x00, 0xB0, 0x02, 0x40, 0xBB, 0x00, 0x80, 0x07,
    0x05, 0x01, 0xA0, 0x2E, 0x00, 0x14, 0x00, 0xC0, 0x07, 0x09, 0x00, 0xB0,
    0x0F, 0x00, 0x0A, 0x3A, 0x0E, 0x40, 0xEA, 0x07, 0x9B, 0xEA, 0x06, 0x8B,
    0x04, 0xF0, 0x4F, 0x0F, 0x82, 0x23, 0x04, 0x30, 0x4F, 0x0F, 0xE2, 0x22,
    0x91, 0xFF, 0x1B, 0x0A, 0x00, 0x40, 0xEA, 0x07, 0x9B, 0x0F, 0x00, 0x0A,
    0xFA, 0x01, 0x01, 0xFF, 0x80, 0x07, 0xF4, 0xC0, 0x4F, 0x0F, 0x82, 0x23,
    0xFA, 0x81, 0x01, 0x0A, 0x00, 0x40, 0xDF, 0xBA, 0x23, 0x6A, 0x80, 0x01,
    0x00, 0x80, 0x07, 0x74, 0x00, 0xA0, 0x00, 0x80, 0x07, 0xD3, 0x38, 0xA0,
    0x0A, 0x00, 0x40, 0x1F, 0xBA, 0x23, 0xAF, 0xA2, 0x23, 0x7A, 0x80, 0x01,
    0x90, 0x0F, 0x40, 0xB0, 0x81, 0x01, 0x70, 0x0D, 0x40, 0xC0, 0x81, 0x01,
    0xD0, 0x81, 0x01, 0x00, 0xC0, 0x0C, 0x0F, 0x00, 0x0A, 0x8F, 0x04, 0x1C,
    0xEF, 0x04, 0x1C, 0x4F, 0x05, 0x1C, 0x4F, 0x05, 0x1C, 0x0A, 0x01, 0x40,
    0xAA, 0x07, 0x9A, 0xEA, 0x07, 0x9A, 0x2A, 0x08, 0x9A, 0x6A, 0x08, 0x9A,
    0xAA, 0x08, 0x9A, 0x6A, 0x07, 0x9A, 0x0A, 0x0E, 0x9A, 0x0A, 0x00, 0x40,
    0xAA, 0x07, 0x9A, 0xEA, 0x07, 0x9A, 0x2A, 0x08, 0x9A, 0x6A, 0x08, 0x9A,
    0xAA, 0x08, 0x9A, 0x6A, 0x07, 0x9A, 0x0A, 0x0E, 0x9A, 0xEA, 0x1A, 0x48,
    0x1A, 0x00, 0x9A, 0x01, 0x00, 0x4B, 0x05, 0x30, 0x4B, 0x00, 0x00, 0x40,
    0x2A, 0x08, 0x8A, 0x5F, 0x8A, 0x27, 0xE1, 0xFF, 0x1B, 0x8A, 0x08, 0x40,
    0x2A, 0x08, 0x9A, 0x0A, 0x08, 0x40, 0x5A, 0x08, 0x9A, 0x2F, 0xA0, 0x23,
    0xDF, 0xBA, 0x23, 0x4A, 0x08, 0x9A, 0x31, 0x08, 0x9A, 0x2A, 0x08, 0x8A,
    0x5F, 0xAA, 0x23, 0x2A, 0x08, 0x9A, 0x2A, 0x08, 0x8A, 0x5F, 0x8A, 0x27,
    0xE1, 0xFF, 0x1B, 0x04, 0x08, 0x40, 0x0F, 0x61, 0x22, 0x1A, 0x00, 0x0D,
    0x0F, 0xE9, 0x26, 0xE4, 0xFE, 0x1B, 0x01, 0x00, 0x4C, 0x05, 0xFE, 0x4D,
    0x00, 0x00, 0x40, 0x8A, 0x08, 0x40, 0x2A, 0x08, 0x9A, 0x0A, 0x08, 0x40,
    0x5A, 0x08, 0x9A, 0x2F, 0xA0, 0x23, 0xDF, 0xBA, 0x23, 0x4A, 0x08, 0x9A,
    0x31, 0x08, 0x9A, 0x2A, 0x08, 0x8A, 0x5F, 0xAA, 0x23, 0x2A, 0x08, 0x9A,
    0x2A, 0x08, 0x8A, 0x5F, 0x8A, 0x27, 0xE1, 0xFF, 0x1B, 0x04, 0x08, 0x40,
    0x0F, 0x61, 0x22, 0x1A, 0x00, 0x0D, 0x0F, 0xE9, 0x26, 0xE4, 0xFE, 0x1B,
    0x0A, 0xEE, 0x42, 0xFA, 0x7E, 0x93, 0x0F, 0x00, 0x0A, 0x00, 0xF0, 0xA2,
    0x00, 0x80, 0x07, 0x05, 0x90, 0xA1, 0x2E, 0x00, 0x14, 0x00, 0xC0, 0x07,
    0x01, 0x00, 0xA0, 0x0F, 0x00, 0x0A, 0x00, 0x00, 0xA0, 0x00, 0x80, 0x07,
    0x05, 0xB0, 0xA2, 0x2E, 0x00, 0x14, 0x00, 0xC0, 0x07, 0x01, 0x00, 0xA0,
    0x0F, 0x00, 0x0A, 0x0F, 0x00, 0x0A, 0x00, 0xB0, 0xA2, 0x00, 0x80, 0x07,
    0x05, 0x40, 0xA0, 0x2E, 0x00, 0x14, 0x00, 0xC0, 0x07, 0x01, 0x00, 0xA0,
    0x0F, 0x00, 0x0A, 0x00, 0x80, 0x07, 0x0A, 0x20, 0x40, 0x0A, 0x8A, 0x93,
    0x1A, 0x8A, 0x93, 0x0A, 0x00, 0x40, 0x2A, 0x8A, 0x93, 0x00, 0x80, 0x07,
    0x0A, 0x40, 0x40, 0x3A, 0x8A, 0x93, 0x4A, 0x8A, 0x93, 0x0A, 0x00, 0x40,
    0x5A, 0x8A, 0x93, 0x1A, 0x00, 0x40, 0x3A, 0x79, 0x93, 0x4A, 0x79, 0x93,
    0x0A, 0x03, 0x40, 0xEA, 0x71, 0x93, 0x1A, 0x72, 0x93, 0x0A, 0x70, 0x47,
    0x7A, 0x79, 0x93, 0x6A, 0x79, 0x93, 0x0A, 0x00, 0x40, 0x3A, 0x53, 0x93,
    0x0A, 0x84, 0x43, 0x4A, 0x53, 0x93, 0x0A, 0x70, 0x47, 0x2A, 0x4F, 0x93,
    0x3A, 0x4F, 0x93, 0x0A, 0x00, 0x40, 0x1A, 0x10, 0x9B, 0x6A, 0x53, 0x93,
    0xAA, 0x81, 0x93, 0xBA, 0x81, 0x93, 0x0A, 0xE0, 0x43, 0x5A, 0x79, 0x93,
    0x0A, 0xE0, 0x43, 0x8A, 0x79, 0x93, 0x04, 0x00, 0x40, 0x24, 0x53, 0x93,
    0x04, 0x90, 0x43, 0x54, 0x53, 0x93, 0x0A, 0xE0, 0x43, 0x4A, 0x4F, 0x93,
    0x5A, 0x4F, 0x93, 0x0A, 0x00, 0x40, 0x2A, 0x10, 0x9B, 0x7A, 0x53, 0x93,
    0xCA, 0x81, 0x93, 0xDA, 0x81, 0x93, 0x0A, 0x00, 0x40, 0x2A, 0x7F, 0x93,
    0x3A, 0x7F, 0x93, 0x4A, 0x7F, 0x93, 0x0F, 0x00, 0x0A, 0x00, 0x80, 0x07,
    0x0A, 0x06, 0x40, 0xCA, 0x74, 0x93, 0xBA, 0x74, 0x93, 0xDA, 0x74, 0x93,
    0xEA, 0x74, 0x93, 0x9A, 0x78, 0x93, 0x00, 0x80, 0x07, 0xBA, 0x03, 0x40,
    0xFA, 0x74, 0x93, 0x00, 0x80, 0x07, 0x2A, 0x06, 0x40, 0x0A, 0x75, 0x93,
    0x0F, 0x00, 0x0A, 0xEA, 0x78, 0x83, 0xF4, 0x78, 0x83, 0xAA, 0xE2, 0x2A,
    0x00, 0x00, 0x0A, 0xFA, 0x78, 0x93, 0xBF, 0x00, 0x1C, 0x0A, 0x79, 0x83,
    0xCF, 0x2A, 0x22, 0x0A, 0x79, 0x93, 0xA4, 0x00, 0x40, 0xAA, 0xE2, 0x2A,
    0x04, 0x00, 0x0A, 0x0A, 0x00, 0x40, 0x0A, 0x79, 0x93, 0x7F, 0x0E, 0x1C,
    0x0F, 0x00, 0x0A, 0x0A, 0x00, 0xB0, 0x08, 0x00, 0xA0, 0x09, 0x00, 0xA0,
    0x01, 0x00, 0x8B, 0x1A, 0x01, 0x8B, 0x1F, 0x82, 0x27, 0x61, 0x00, 0x18,
    0x0A, 0xC0, 0x40, 0x05, 0xC0, 0x48, 0xDF, 0x99, 0x27, 0x01, 0x08, 0x22,
    0x1A, 0x00, 0x0D, 0x41, 0x72, 0x93, 0x11, 0x00, 0x8B, 0x1A, 0x01, 0x8B,
    0x5F, 0x82, 0x27, 0x61, 0x00, 0x18, 0x0A, 0xC0, 0x40, 0x05, 0xC0, 0x48,
    0xDF, 0x99, 0x27, 0x01, 0x08, 0x22, 0x1A, 0x00, 0x0D, 0x51, 0x72, 0x93,
    0x21, 0x00, 0x8B, 0x1A, 0x01, 0x8B, 0x9F, 0x82, 0x27, 0x61, 0x00, 0x18,
    0x0A, 0xC0, 0x40, 0x05, 0xC0, 0x48, 0xDF, 0x99, 0x27, 0x01, 0x08, 0x22,
    0x1A, 0x00, 0x0D, 0x61, 0x72, 0x93, 0x31, 0x00, 0x8B, 0x1A, 0x01, 0x8B,
    0xDF, 0x82, 0x27, 0x61, 0x00, 0x18, 0x0A, 0xC0, 0x40, 0x05, 0xC0, 0x48,
    0xDF, 0x99, 0x27, 0x01, 0x08, 0x22, 0x1A, 0x00, 0x0D, 0x71, 0x72, 0x93,
    0x41, 0x00, 0x8B, 0x1A, 0x01, 0x8B, 0x1F, 0x8A, 0x27, 0x61, 0x00, 0x18,
    0x0A, 0xC0, 0x40, 0x05, 0xC0, 0x48, 0xDF, 0x99, 0x27, 0x01, 0x08, 0x22,
    0x1A, 0x00, 0x0D, 0x81, 0x72, 0x93, 0x51, 0x00, 0x8B, 0x91, 0x72, 0x93,
    0x31, 0x8C, 0x83, 0xA1, 0x72, 0x93, 0x41, 0x8C, 0x83, 0xB1, 0x72, 0x93,
    0x0A, 0x01, 0x8B, 0x5F, 0x9A, 0x27, 0x70, 0x00, 0x18, 0x7A, 0x01, 0x8B,
    0x1F, 0x92, 0x27, 0x40, 0x00, 0x18, 0x7F, 0x15, 0x1C, 0x10, 0x00, 0x40,
    0x2F, 0x00, 0x18, 0x00, 0x00, 0x40, 0xA0, 0x84, 0x93, 0x41, 0x72, 0x83,
    0x2A, 0x02, 0x8B, 0x9F, 0x9A, 0x23, 0x60, 0x00, 0x18, 0x00, 0x00, 0x48,
    0x40, 0x81, 0x23, 0x00, 0xC0, 0x40, 0x40, 0xAA, 0x23, 0x1A, 0x00, 0x0D,
    0x90, 0x75, 0x83, 0xDF, 0x18, 0x1C, 0x4A, 0x6B, 0x93, 0x41, 0x72, 0x83,
    0xF0, 0xFF, 0x47, 0x40, 0x81, 0x23, 0x1A, 0x00, 0x0D, 0x90, 0x75, 0x83,
    0x6F, 0x18, 0x1C, 0x0A, 0x7E, 0x94, 0x51, 0x72, 0x83, 0x2A, 0x02, 0x8B,
    0x5F, 0x9A, 0x23, 0x60, 0x00, 0x18, 0x00, 0x00, 0x48, 0x40, 0x81, 0x23,
    0x00, 0xC0, 0x40, 0x40, 0xAA, 0x23, 0x1A, 0x00, 0x0D, 0xA0, 0x75, 0x83,
    0xAF, 0x17, 0x1C, 0x5A, 0x6B, 0x93, 0x51, 0x72, 0x83, 0xF0, 0xFF, 0x47,
    0x40, 0x81, 0x23, 0x1A, 0x00, 0x0D, 0xA0, 0x75, 0x83, 0x3F, 0x17, 0x1C,
    0x1A, 0x7E, 0x94, 0x61, 0x72, 0x83, 0x2A, 0x02, 0x8B, 0x1F, 0x9A, 0x23,
    0x60, 0x00, 0x18, 0x00, 0x00, 0x48, 0x40, 0x81, 0x23, 0x00, 0xC0, 0x40,
    0x40, 0xAA, 0x23, 0x1A, 0x00, 0x0D, 0xB0, 0x75, 0x83, 0x7F, 0x16, 0x1C,
    0x6A, 0x6B, 0x93, 0x61, 0x72, 0x83, 0xF0, 0xFF, 0x47, 0x40, 0x81, 0x23,
    0x1A, 0x00, 0x0D, 0xB0, 0x75, 0x83, 0x0F, 0x16, 0x1C, 0x2A, 0x7E, 0x94,
    0x71, 0x72, 0x83, 0x2A, 0x02, 0x8B, 0xDF, 0x92, 0x23, 0x60, 0x00, 0x18,
    0x00, 0x00, 0x48, 0x40, 0x81, 0x23, 0x00, 0xC0, 0x40, 0x40, 0xAA, 0x23,
    0x1A, 0x00, 0x0D, 0xC0, 0x75, 0x83, 0x4F, 0x15, 0x1C, 0x7A, 0x6B, 0x93,
    0x71, 0x72, 0x83, 0xF0, 0xFF, 0x47, 0x40, 0x81, 0x23, 0x1A, 0x00, 0x0D,
    0xC0, 0x75, 0x83, 0xDF, 0x14, 0x1C, 0x3A, 0x7E, 0x94, 0x81, 0x72, 0x83,
    0x2A, 0x02, 0x8B, 0xDF, 0x9A, 0x23, 0x60, 0x00, 0x18, 0x00, 0x00, 0x48,
    0x40, 0x81, 0x23, 0x00, 0xC0, 0x40, 0x40, 0xAA, 0x23, 0x1A, 0x00, 0x0D,
    0xD0, 0x75, 0x83, 0x1F, 0x14, 0x1C, 0x9A, 0x6B, 0x93, 0x81, 0x72, 0x83,
    0xF0, 0xFF, 0x47, 0x40, 0x81, 0x23, 0x1A, 0x00, 0x0D, 0xD0, 0x75, 0x83,
    0xAF, 0x13, 0x1C, 0x4A, 0x7E, 0x94, 0x91, 0x72, 0x83, 0x7F, 0x13, 0x1C,
    0x8A, 0x6B, 0x93, 0xC1, 0x02, 0x8B, 0x4F, 0x13, 0x1C, 0xCA, 0x6B, 0x93,
    0xD1, 0x02, 0x8B, 0x8F, 0x13, 0x1C, 0xDA, 0x6B, 0x93, 0xE1, 0x02, 0x8B,
    0x5F, 0x13, 0x1C, 0xEA, 0x6B, 0x93, 0xF1, 0x02, 0x8B, 0x2F, 0x13, 0x1C,
    0xFA, 0x6B, 0x93, 0x91, 0x8A, 0x83, 0x0F, 0x14, 0x1C, 0x0A, 0x6C, 0x93,
    0xA1, 0x8A, 0x83, 0xDF, 0x13, 0x1C, 0x1A, 0x6C, 0x93, 0x01, 0x90, 0x83,
    0xAF, 0x13, 0x1C, 0x2A, 0x6C, 0x93, 0xA1, 0x72, 0x83, 0xFF, 0x11, 0x1C,
    0xCA, 0x84, 0x93, 0x61, 0x8C, 0x83, 0x3F, 0x12, 0x1C, 0xEA, 0x84, 0x93,
    0x0F, 0xEC, 0x1C, 0x1F, 0xEE, 0x1C, 0x73, 0x21, 0xB2, 0xAC, 0x00, 0x50,
    0xF4, 0x00, 0x40, 0x0F, 0x82, 0x23, 0x0F, 0x7A, 0x26, 0x31, 0x00, 0x18,
    0x00, 0x00, 0xAB, 0x4F, 0x01, 0x18, 0x14, 0x00, 0x40, 0x0F, 0xE2, 0x26,
    0x31, 0x00, 0x18, 0x10, 0x00, 0xAB, 0xFF, 0x00, 0x18, 0x24, 0x00, 0x40,
    0x0F, 0xE2, 0x26, 0x31, 0x00, 0x18, 0x20, 0x00, 0xAB, 0xAF, 0x00, 0x18,
    0x34, 0x00, 0x40, 0x0F, 0xE2, 0x26, 0x31, 0x00, 0x18, 0x30, 0x00, 0xAB,
    0x5F, 0x00, 0x18, 0x54, 0x00, 0x40, 0x0F, 0xE2, 0x26, 0xE1, 0x03, 0x18,
    0x40, 0x00, 0xAB, 0xA0, 0x00, 0x60, 0x04, 0xFE, 0x47, 0x0F, 0x82, 0x23,
    0xAA, 0x10, 0x9B, 0x0F, 0x00, 0x0A, 0x71, 0x10, 0xB2, 0xA4, 0x00, 0x50,
    0xEA, 0x10, 0x9B, 0xEA, 0x40, 0x9B, 0xFA, 0x0F, 0x8A, 0xFA, 0x10, 0x9B,
    0xFA, 0x40, 0x9B, 0x02, 0x80, 0x07, 0x5F, 0x5A, 0x1C, 0x02, 0x80, 0x07,
    0xFF, 0xD4, 0x1C, 0x02, 0x80, 0x07, 0x3F, 0xD3, 0x1C, 0x02, 0x80, 0x07,
    0xCF, 0xDA, 0x1C, 0x02, 0x80, 0x07, 0x8F, 0x36, 0x1D, 0x1F, 0xD6, 0x1C,
    0x8F, 0x06, 0x1D, 0xEF, 0xDA, 0x1C, 0x00, 0x80, 0x07, 0xDF, 0x04, 0x1C,
    0x02, 0x80, 0x07, 0x4F, 0x26, 0x1C, 0x02, 0x80, 0x07, 0xAF, 0x27, 0x1C,
    0x8E, 0x02, 0x8B, 0x0C, 0x2E, 0x0F, 0xCF, 0x75, 0x93, 0x04, 0x2E, 0x0F,
    0xBF, 0x75, 0x93, 0x04, 0x2E, 0x0F, 0xAF, 0x75, 0x93, 0x04, 0x2E, 0x0F,
    0x9F, 0x75, 0x93, 0x9E, 0x02, 0x8B, 0x14, 0x2E, 0x0F, 0x04, 0x2E, 0x0F,
    0xDF, 0x75, 0x93, 0xAE, 0x02, 0x8B, 0x0C, 0x2E, 0x0F, 0x04, 0x2E, 0x0F,
    0xEF, 0x75, 0x93, 0x8E, 0x01, 0x8B, 0x16, 0x2E, 0x0F, 0x02, 0x2E, 0x0F,
    0xFF, 0x84, 0x93, 0x80, 0x00, 0x8B, 0x54, 0x82, 0x83, 0x0F, 0xE0, 0x26,
    0x50, 0x00, 0x18, 0x50, 0x82, 0x93, 0x02, 0x80, 0x07, 0xDF, 0x92, 0x1C,
    0x4C, 0x82, 0x93, 0xC1, 0x82, 0xB3, 0x5A, 0x01, 0x8B, 0x1F, 0x82, 0x27,
    0x20, 0x00, 0x18, 0xA1, 0x82, 0xB3, 0xFD, 0x75, 0x33, 0xC1, 0x82, 0xB3,
    0x5A, 0x01, 0x8B, 0x5F, 0x82, 0x27, 0x20, 0x00, 0x18, 0xA1, 0x82, 0xB3,
    0x0D, 0x76, 0x33, 0xC1, 0x82, 0xB3, 0x5A, 0x01, 0x8B, 0x9F, 0x82, 0x27,
    0x20, 0x00, 0x18, 0xA1, 0x82, 0xB3, 0x1D, 0x76, 0x33, 0xC1, 0x82, 0xB3,
    0x5A, 0x01, 0x8B, 0xDF, 0x82, 0x27, 0x20, 0x00, 0x18, 0xA1, 0x82, 0xB3,
    0x2D, 0x76, 0x33, 0xC1, 0x82, 0xB3, 0x5A, 0x01, 0x8B, 0x1F, 0x8A, 0x27,
    0x20, 0x00, 0x18, 0xA1, 0x82, 0xB3, 0x3D, 0x76, 0x33, 0xC1, 0x82, 0xB3,
    0x5A, 0x01, 0x8B, 0x1F, 0x92, 0x27, 0x20, 0x00, 0x18, 0xA1, 0x82, 0xB3,
    0x4D, 0x76, 0x33, 0x0A, 0x01, 0x8B, 0x5F, 0x82, 0x27, 0x61, 0x00, 0x18,
    0x7F, 0xB8, 0x1C, 0xCF, 0xEC, 0x1C, 0x2F, 0xF2, 0x1C, 0xDF, 0x14, 0x1D,
    0xDF, 0xDE, 0x1C, 0x4F, 0x6F, 0x1C, 0x7F, 0x74, 0x1C, 0x2F, 0x82, 0x1C,
    0x2F, 0xC4, 0x1C, 0x02, 0x80, 0x07, 0xAF, 0xBE, 0x1C, 0x0F, 0x00, 0x0A,
    0x20, 0x10, 0xB2, 0xA0, 0x00, 0x50, 0x54, 0x00, 0x40, 0x0F, 0xE2, 0x26,
    0x04, 0x00, 0x22, 0xA0, 0x00, 0x58, 0x1A, 0x81, 0x93, 0x10, 0x10, 0xB2,
    0xEA, 0x7E, 0x83, 0xCF, 0x0A, 0x27, 0x31, 0x00, 0x18, 0x44, 0x01, 0x40,
    0x2F, 0x00, 0x18, 0x04, 0x02, 0x40, 0xA0, 0x00, 0x50, 0x0F, 0xE2, 0x26,
    0x04, 0x00, 0x22, 0xA0, 0x00, 0x58, 0x0A, 0x81, 0x93, 0x02, 0x80, 0x07,
    0xFF, 0x38, 0x1D, 0x0F, 0x00, 0x0A, 0x0A, 0x72, 0x83, 0xE4, 0x01, 0x40,
    0xAA, 0xE2, 0x2A, 0x04, 0x01, 0x18, 0x34, 0x02, 0x40, 0xAA, 0xE2, 0x2A,
    0xC4, 0x00, 0x18, 0xE4, 0x02, 0x40, 0xAA, 0xE2, 0x2A, 0x54, 0x00, 0x18,
    0x44, 0x03, 0x40, 0xAA, 0xE2, 0x2A, 0x44, 0x00, 0x18, 0x6F, 0x00, 0x18,
    0xCA, 0x02, 0x40, 0x4F, 0x00, 0x18, 0x0A, 0x03, 0x40, 0x2F, 0x00, 0x18,
    0x0A, 0x02, 0x40, 0x1A, 0x72, 0x93, 0xDA, 0x71, 0x83, 0xE4, 0x01, 0x40,
    0xAA, 0xE2, 0x2A, 0xA4, 0x01, 0x18, 0x34, 0x02, 0x40, 0xAA, 0xE2, 0x2A,
    0x64, 0x01, 0x18, 0xE4, 0x02, 0x40, 0xAA, 0xE2, 0x2A, 0xB4, 0x00, 0x18,
    0x44, 0x03, 0x40, 0xAA, 0xE2, 0x2A, 0xA4, 0x00, 0x18, 0x44, 0x06, 0x40,
    0xAA, 0xE2, 0x2A, 0x94, 0x00, 0x18, 0x64, 0x0C, 0x40, 0xAA, 0xE2, 0x2A,
    0x84, 0x00, 0x18, 0xAF, 0x00, 0x18, 0xCA, 0x02, 0x40, 0x8F, 0x00, 0x18,
    0x0A, 0x03, 0x40, 0x6F, 0x00, 0x18, 0x0A, 0x06, 0x40, 0x4F, 0x00, 0x18,
    0x0A, 0x0C, 0x40, 0x2F, 0x00, 0x18, 0x0A, 0x02, 0x40, 0xEA, 0x71, 0x93,
    0x0F, 0x00, 0x0A, 0x71, 0x21, 0xB2, 0x14, 0x00, 0x50, 0xFA, 0x0F, 0x40,
    0x41, 0xEA, 0x26, 0x90, 0x00, 0x18, 0xAA, 0x79, 0x2A, 0x70, 0x00, 0x18,
    0x14, 0x21, 0x0F, 0x04, 0x2E, 0x0F, 0x8F, 0x81, 0x93, 0xA1, 0x72, 0xB3,
    0x65, 0x00, 0x40, 0x2F, 0x00, 0x1C, 0x0F, 0x00, 0x0A, 0x0F, 0x7F, 0x26,
    0xC0, 0x00, 0x18, 0xCF, 0x0F, 0x27, 0xD0, 0x00, 0x18, 0x5F, 0xE7, 0x26,
    0xE0, 0x00, 0x18, 0x7F, 0x67, 0x26, 0xF0, 0x00, 0x18, 0x9F, 0xE7, 0x26,
    0x00, 0x01, 0x18, 0xBF, 0x67, 0x26, 0x10, 0x01, 0x18, 0x0F, 0x00, 0x0A,
    0x40, 0x72, 0xA3, 0x91, 0x75, 0xA3, 0xFF, 0x00, 0x18, 0x50, 0x72, 0xA3,
    0xA1, 0x75, 0xA3, 0xCF, 0x00, 0x18, 0x60, 0x72, 0xA3, 0xB1, 0x75, 0xA3,
    0x9F, 0x00, 0x18, 0x70, 0x72, 0xA3, 0xC1, 0x75, 0xA3, 0x6F, 0x00, 0x18,
    0x80, 0x72, 0xA3, 0xD1, 0x75, 0xA3, 0x3F, 0x00, 0x18, 0x90, 0x72, 0xA3,
    0xE1, 0x75, 0xA3, 0x20, 0x00, 0x60, 0xF6, 0xFF, 0x47, 0x46, 0x82, 0x23,
    0x04, 0x00, 0x60, 0x0F, 0xE8, 0x26, 0x31, 0x01, 0x18, 0xA4, 0x00, 0x78,
    0x91, 0x75, 0xA3, 0x40, 0x72, 0xA3, 0x5A, 0x00, 0x40, 0x03, 0xC0, 0x40,
    0x07, 0x00, 0x48, 0x0A, 0x00, 0x0D, 0xA5, 0x00, 0x60, 0x0F, 0xEA, 0x26,
    0x61, 0x00, 0x18, 0x20, 0x00, 0x60, 0x47, 0x82, 0x23, 0x43, 0xAA, 0x23,
    0xA1, 0x00, 0x68, 0x2F, 0x00, 0x18, 0x01, 0x00, 0x09, 0xCF, 0x00, 0x23,
    0x52, 0xFF, 0x1B, 0x0F, 0x00, 0x0A, 0xF8, 0x01, 0x0F, 0xBF, 0x00, 0x0D,
    0x10, 0x01, 0x0F, 0xEB, 0x0F, 0x0F, 0x02, 0x80, 0x07, 0xCF, 0x97, 0x1C,
    0x0F, 0x00, 0x0A, 0xF8, 0x01, 0x0F, 0xBF, 0x00, 0x0D, 0xF4, 0x07, 0x40,
    0x0F, 0x83, 0x23, 0xC4, 0x00, 0x40, 0xAA, 0xE2, 0x2A, 0x65, 0x00, 0x18,
    0xF8, 0x01, 0x0F, 0xDF, 0x8F, 0x27, 0xCB, 0x00, 0x40, 0x0F, 0xB3, 0x23,
    0xBA, 0x00, 0x0D, 0x10, 0x01, 0x0F, 0xEB, 0x0F, 0x0F, 0x02, 0x80, 0x07,
    0xCF, 0x97, 0x1C, 0x0F, 0x00, 0x0A, 0xF8, 0x01, 0x0F, 0xBF, 0x00, 0x0D,
    0x10, 0x01, 0x0F, 0xEB, 0x0F, 0x0F, 0x02, 0x80, 0x07, 0xCF, 0x97, 0x1C,
    0x0F, 0x00, 0x0A, 0x00, 0x80, 0x0C, 0x40, 0x00, 0x04, 0x00, 0x20, 0x0C,
    0x08, 0x00, 0x40, 0x38, 0x0C, 0x0D, 0x78, 0x80, 0x01, 0x8A, 0x01, 0x8B,
    0x1F, 0x92, 0x27, 0xD1, 0x00, 0x18, 0x00, 0x80, 0x07, 0x45, 0x06, 0xA0,
    0x9E, 0x00, 0x14, 0x00, 0x80, 0x07, 0x85, 0xBB, 0xA0, 0x5E, 0x00, 0x14,
    0x00, 0x80, 0x07, 0x85, 0xBB, 0xA0, 0x1E, 0x00, 0x14, 0x00, 0x00, 0x00,
    0x00, 0x00, 0x00, 0x00, 0x00, 0x00, 0x8B, 0x01, 0x8B, 0x5F, 0x93, 0x27,
    0xE1, 0xFF, 0x1B, 0x0F, 0x00, 0x0A, 0xE0, 0x06, 0x8B, 0x05, 0xF0, 0x4F,
    0x0F, 0x88, 0x23, 0x00, 0x00, 0x0A, 0x04, 0x00, 0x4F, 0x0F, 0xE2, 0x26,
    0xD0, 0x00, 0x18, 0x04, 0x10, 0x4F, 0x0F, 0xE2, 0x26, 0xB0, 0x02, 0x18,
    0x04, 0x40, 0x4F, 0x0F, 0xE2, 0x26, 0x40, 0x03, 0x18, 0x04, 0x50, 0x4F,
    0x0F, 0xE2, 0x26, 0x00, 0x04, 0x18, 0x0A, 0x00, 0x40, 0xDA, 0x7E, 0x93,
    0x0F, 0x00, 0x0A, 0x00, 0x00, 0x00, 0x5F, 0x23, 0x1C, 0x40, 0x00, 0x04,
    0x00, 0x80, 0x07, 0xBA, 0x03, 0x40, 0xFA, 0x74, 0x93, 0x00, 0x80, 0x07,
    0x2A, 0x06, 0x40, 0x0A, 0x75, 0x93, 0x00, 0x80, 0x07, 0x0A, 0x06, 0x40,
    0xCA, 0x74, 0x93, 0xBA, 0x74, 0x93, 0x9A, 0x78, 0x93, 0x60, 0x00, 0x04,
    0x2A, 0x08, 0x8A, 0x64, 0x08, 0x8A, 0x0F, 0xA2, 0x23, 0xA4, 0x08, 0x8A,
    0x0F, 0xA2, 0x23, 0x24, 0x06, 0x8A, 0x0F, 0xA2, 0x23, 0xA4, 0x06, 0x8A,
    0x0F, 0xA2, 0x23, 0x24, 0x07, 0x8A, 0x0F, 0xA2, 0x23, 0x5F, 0x8A, 0x27,
    0x41, 0xFF, 0x1B, 0x0A, 0x00, 0x40, 0xDA, 0x7E, 0x93, 0x3A, 0x03, 0x40,
    0xFA, 0x07, 0x9B, 0x0F, 0x00, 0x0A, 0x0A, 0x00, 0x40, 0xDA, 0x7E, 0x93,
    0x7A, 0x00, 0x01, 0x1F, 0xBA, 0x23, 0x7A, 0x80, 0x01, 0x80, 0x00, 0x04,
    0x02, 0x80, 0x07, 0xFF, 0x57, 0x1C, 0x60, 0x00, 0x04, 0x7A, 0x07, 0x40,
    0xFA, 0x07, 0x9B, 0x0F, 0x00, 0x0A, 0x00, 0x00, 0x00, 0x40, 0x00, 0x04,
    0x00, 0x80, 0x07, 0x0A, 0x06, 0x40, 0xDA, 0x74, 0x93, 0xEA, 0x74, 0x93,
    0x60, 0x00, 0x04, 0x2A, 0x08, 0x8A, 0x5F, 0x8A, 0x27, 0xE1, 0xFF, 0x1B,
    0x0A, 0x00, 0x40, 0xDA, 0x7E, 0x93, 0x3A, 0x03, 0x40, 0xFA, 0x07, 0x9B,
    0x0F, 0x00, 0x0A, 0x0A, 0x00, 0x40, 0xDA, 0x7E, 0x93, 0x7A, 0x00, 0x01,
    0x1F, 0xBA, 0x23, 0x7A, 0x80, 0x01, 0x80, 0x00, 0x04, 0x00, 0x10, 0xB1,
    0x1F, 0x00, 0x0B, 0x7A, 0x07, 0x40, 0xFA, 0x07, 0x9B, 0x0F, 0x00, 0x0A,
    0xFA, 0x06, 0x8B, 0x00, 0x0A, 0x0F, 0xEA, 0x06, 0x8B, 0x10, 0x1A, 0x0F,
    0x3F, 0x08, 0x0D, 0x04, 0x20, 0x40, 0x0F, 0xE0, 0x22, 0x31, 0x00, 0x18,
    0xCF, 0x7E, 0x33, 0x0F, 0x00, 0x0A, 0x04, 0x50, 0x40, 0x0F, 0xE0, 0x22,
    0x31, 0x00, 0x18, 0xAC, 0x00, 0x70, 0x1F, 0x1C, 0x18, 0x04, 0x60, 0x40,
    0x0F, 0xE0, 0x22, 0x31, 0x00, 0x18, 0xAC, 0x00, 0x50, 0xCF, 0x1B, 0x18,
    0x04, 0x30, 0x40, 0x0F, 0xE0, 0x22, 0x41, 0x00, 0x18, 0xC7, 0x7E, 0x33,
    0xFC, 0x00, 0x78, 0x0F, 0x00, 0x0A, 0x04, 0x40, 0x40, 0x0F, 0xE0, 0x22,
    0x41, 0x00, 0x18, 0xC7, 0x7E, 0x33, 0xFC, 0x00, 0x58, 0x0F, 0x00, 0x0A,
    0x04, 0x00, 0x49, 0x0F, 0xE0, 0x22, 0x41, 0x00, 0x18, 0x03, 0x10, 0xB2,
    0xAC, 0x00, 0x50, 0xAF, 0x1A, 0x18, 0x04, 0x10, 0x49, 0x0F, 0xE0, 0x22,
    0x41, 0x00, 0x18, 0xF3, 0x3F, 0xB2, 0xAC, 0x00, 0x50, 0x4F, 0x1A, 0x18,
    0x04, 0x20, 0x49, 0x0F, 0xE0, 0x22, 0x41, 0x00, 0x18, 0xF3, 0x0F, 0xB2,
    0xAC, 0x00, 0x50, 0xEF, 0x19, 0x18, 0x04, 0x70, 0x40, 0x0F, 0xE0, 0x22,
    0x51, 0x00, 0x18, 0x7A, 0x00, 0x01, 0xF8, 0x0A, 0x0F, 0xAF, 0x00, 0x0D,
    0x7F, 0x19, 0x18, 0x04, 0x80, 0x40, 0x0F, 0xE0, 0x22, 0x31, 0x00, 0x18,
    0xA3, 0x03, 0x0D, 0x2F, 0x19, 0x18, 0x04, 0x90, 0x40, 0x0F, 0xE0, 0x22,
    0x31, 0x00, 0x18, 0x7A, 0x00, 0x01, 0xDF, 0x18, 0x18, 0x04, 0x00, 0x4D,
    0x0F, 0xE0, 0x22, 0x01, 0x00, 0x0A, 0x5F, 0x00, 0x0D, 0xF0, 0x0F, 0x0F,
    0x0F, 0xA7, 0x23, 0x0A, 0x00, 0x0D, 0x04, 0x00, 0x4D, 0x0F, 0xE0, 0x22,
    0x91, 0x07, 0x18, 0x43, 0x03, 0x0D, 0x8A, 0x00, 0x40, 0x0F, 0x62, 0x23,
    0x0F, 0x82, 0x23, 0x3A, 0x0C, 0x0D, 0x02, 0x80, 0x07, 0x1F, 0x0C, 0x1C,
    0x1A, 0x11, 0x8B, 0x0F, 0x7A, 0x26, 0xE1, 0xFF, 0x1B, 0xFF, 0xCD, 0x1F,
    0x0A, 0x00, 0x40, 0x0B, 0x00, 0xA0, 0x00, 0x80, 0x07, 0x45, 0x00, 0xA0,
    0x13, 0x7B, 0xA3, 0x1E, 0x00, 0x14, 0xAD, 0x00, 0x68, 0x00, 0x80, 0x07,
    0x45, 0x00, 0xA0, 0x13, 0x7A, 0xA3, 0x1E, 0x00, 0x14, 0xAD, 0x00, 0x68,
    0x00, 0x80, 0x07, 0x45, 0x00, 0xA0, 0x53, 0x7A, 0xA3, 0x1E, 0x00, 0x14,
    0xAD, 0x00, 0x68, 0x00, 0x80, 0x07, 0x45, 0x00, 0xA0, 0x93, 0x7A, 0xA3,
    0x1E, 0x00, 0x14, 0xAD, 0x00, 0x68, 0x9A, 0x6D, 0x93, 0xAA, 0x6D, 0x93,
    0x1A, 0x6D, 0x93, 0x2A, 0x6D, 0x93, 0x3A, 0x6D, 0x93, 0x4A, 0x6D, 0x93,
    0x5A, 0x6D, 0x93, 0x5A, 0x6D, 0x93, 0x02, 0x80, 0x07, 0x1F, 0xA7, 0x1C,
    0x0A, 0x00, 0x40, 0x5A, 0x7E, 0x93, 0x6A, 0x7E, 0x93, 0x7A, 0x7E, 0x93,
    0x8A, 0x7E, 0x93, 0x03, 0x5D, 0xA3, 0x0B, 0x00, 0xA0, 0x00, 0x80, 0x07,
    0x05, 0x01, 0xA0, 0x1E, 0x00, 0x14, 0xAD, 0x00, 0x68, 0x03, 0x40, 0xA0,
    0x0B, 0x00, 0xA0, 0x00, 0x80, 0x07, 0x05, 0x10, 0xA0, 0x1E, 0x00, 0x14,
    0xAD, 0x00, 0x68, 0x11, 0x85, 0x83, 0x41, 0x85, 0x93, 0x2A, 0x08, 0x8A,
    0x5F, 0x8A, 0x27, 0xE1, 0xFF, 0x1B, 0x41, 0x85, 0x83, 0x05, 0x03, 0x40,
    0x31, 0x08, 0x9A, 0x01, 0x80, 0x07, 0x0A, 0x40, 0x48, 0x4A, 0x08, 0x9A,
    0x55, 0x08, 0x9A, 0x8A, 0x0A, 0x40, 0x2A, 0x08, 0x9A, 0x10, 0x85, 0x83,
    0x24, 0x85, 0x83, 0x0F, 0x69, 0x22, 0x0F, 0xE2, 0x26, 0x35, 0x00, 0x18,
    0x4A, 0x85, 0x93, 0xEF, 0xFE, 0x1B, 0x40, 0x85, 0x93, 0x2A, 0x08, 0x8A,
    0x5F, 0x8A, 0x27, 0xD1, 0xFF, 0x1B, 0x02, 0x80, 0x07, 0x1F, 0xA8, 0x1C,
    0x02, 0x80, 0x07, 0xCF, 0x30, 0x1D, 0x0A, 0x00, 0x40, 0x6A, 0x83, 0x93,
    0x03, 0x50, 0xA3, 0x0B, 0x00, 0xA0, 0x00, 0x80, 0x07, 0x25, 0x03, 0xA0,
    0x1E, 0x00, 0x14, 0xAD, 0x00, 0x68, 0x02, 0x80, 0x07, 0xCF, 0x1F, 0x1D,
    0x02, 0x80, 0x07, 0x1F, 0x3A, 0x1D, 0x02, 0x80, 0x07, 0xDF, 0x18, 0x1D,
    0x0A, 0x00, 0x40, 0x0B, 0x00, 0xA0, 0x03, 0x20, 0xA0, 0x00, 0x80, 0x07,
    0x05, 0x10, 0xA0, 0x1E, 0x00, 0x14, 0xAD, 0x00, 0x68, 0x0A, 0x00, 0x40,
    0x7A, 0x76, 0x93, 0x0A, 0x00, 0x40, 0x8A, 0x76, 0x93, 0x0A, 0x12, 0x40,
    0x9A, 0x76, 0x93, 0x0A, 0x0C, 0x40, 0xAA, 0x76, 0x93, 0x01, 0x00, 0x4D,
    0x9F, 0x10, 0x18, 0x14, 0x00, 0x4D, 0x0F, 0xE0, 0x22, 0x71, 0x00, 0x18,
    0x43, 0x03, 0x0D, 0x8A, 0x00, 0x40, 0x0F, 0xA2, 0x23, 0x3A, 0x0C, 0x0D,
    0x11, 0x00, 0x4D, 0x0F, 0x10, 0x18, 0x24, 0x00, 0x4D, 0x0F, 0xE0, 0x22,
    0xC1, 0x01, 0x18, 0x0A, 0x00, 0x40, 0xC3, 0x6E, 0xA3, 0x0B, 0x00, 0xA0,
    0x00, 0x80, 0x07, 0xA5, 0x00, 0xA0, 0x1E, 0x00, 0x14, 0xAD, 0x00, 0x68,
    0x63, 0x6F, 0xA3, 0x0B, 0x00, 0xA0, 0x00, 0x80, 0x07, 0xA5, 0x00, 0xA0,
    0x1E, 0x00, 0x14, 0xAD, 0x00, 0x68, 0x03, 0x60, 0xA0, 0x0B, 0x00, 0xA0,
    0x00, 0x80, 0x07, 0x05, 0x10, 0xA0, 0x1E, 0x00, 0x14, 0xAD, 0x00, 0x68,
    0x02, 0x80, 0x07, 0xFF, 0xDD, 0x1C, 0x9A, 0x80, 0x83, 0x7A, 0x80, 0x93,
    0xCA, 0x80, 0x83, 0xBA, 0x80, 0x93, 0x21, 0x00, 0x4D, 0x2F, 0x0E, 0x18,
    0x34, 0x00, 0x4D, 0x0F, 0xE0, 0x22, 0xE1, 0x00, 0x18, 0x02, 0x80, 0x07,
    0x1F, 0x00, 0x1D, 0x0A, 0x00, 0x40, 0x03, 0x55, 0xA3, 0x0B, 0x00, 0xA0,
    0x00, 0x80, 0x07, 0x05, 0x08, 0xA0, 0x1E, 0x00, 0x14, 0xAD, 0x00, 0x68,
    0x02, 0x80, 0x07, 0x9F, 0x04, 0x1D, 0x31, 0x00, 0x4D, 0x2F, 0x0D, 0x18,
    0x44, 0x00, 0x4D, 0x0F, 0xE0, 0x22, 0xD1, 0x02, 0x18, 0x02, 0x80, 0x07,
    0x8F, 0x09, 0x1D, 0x02, 0x80, 0x07, 0xAF, 0x0B, 0x1D, 0xF0, 0x77, 0xA3,
    0x70, 0x34, 0xB2, 0x00, 0x80, 0x07, 0x55, 0x00, 0xA0, 0x2E, 0x00, 0x14,
    0xA1, 0x00, 0x60, 0xA1, 0x00, 0x58, 0x0A, 0x00, 0x40, 0x03, 0x62, 0xA3,
    0x0B, 0x00, 0xA0, 0x00, 0x80, 0x07, 0x85, 0x03, 0xA0, 0x1E, 0x00, 0x14,
    0xAD, 0x00, 0x68, 0x03, 0x60, 0xA0, 0x0B, 0x00, 0xA0, 0x00, 0x80, 0x07,
    0x05, 0x10, 0xA0, 0x1E, 0x00, 0x14, 0xAD, 0x00, 0x68, 0x03, 0x70, 0xA0,
    0x0B, 0x00, 0xA0, 0x00, 0x80, 0x07, 0x05, 0x10, 0xA0, 0x1E, 0x00, 0x14,
    0xAD, 0x00, 0x68, 0x03, 0x80, 0xA0, 0x0B, 0x00, 0xA0, 0x00, 0x80, 0x07,
    0x05, 0x10, 0xA0, 0x1E, 0x00, 0x14, 0xAD, 0x00, 0x68, 0x03, 0x90, 0xA0,
    0x0B, 0x00, 0xA0, 0x00, 0x80, 0x07, 0x05, 0x10, 0xA0, 0x1E, 0x00, 0x14,
    0xAD, 0x00, 0x68, 0x41, 0x00, 0x4D, 0x3F, 0x0A, 0x18, 0x54, 0x00, 0x4D,
    0x0F, 0xE0, 0x22, 0x61, 0x01, 0x18, 0x02, 0x80, 0x07, 0xBF, 0xE9, 0x1C,
    0x0A, 0x00, 0x40, 0xAA, 0x70, 0x93, 0xBA, 0x70, 0x93, 0xCA, 0x70, 0x93,
    0xDA, 0x70, 0x93, 0xEA, 0x70, 0x93, 0xFA, 0x70, 0x93, 0x0A, 0x71, 0x93,
    0x1A, 0x71, 0x93, 0x03, 0x4C, 0xA3, 0x0B, 0x00, 0xA0, 0x00, 0x80, 0x07,
    0x25, 0x03, 0xA0, 0x1E, 0x00, 0x14, 0xAD, 0x00, 0x68, 0x02, 0x80, 0x07,
    0x2F, 0xEA, 0x1C, 0x51, 0x00, 0x4D, 0xBF, 0x08, 0x18, 0x64, 0x00, 0x4D,
    0x0F, 0xE0, 0x22, 0xB1, 0x00, 0x18, 0x1A, 0x00, 0x40, 0x7A, 0x76, 0x93,
    0x1A, 0x00, 0x40, 0x8A, 0x76, 0x93, 0x0A, 0x24, 0x40, 0x9A, 0x76, 0x93,
    0x0A, 0x18, 0x40, 0xAA, 0x76, 0x93, 0x61, 0x00, 0x4D, 0xEF, 0x07, 0x18,
    0x74, 0x00, 0x4D, 0x0F, 0xE0, 0x22, 0xB1, 0x00, 0x18, 0x1A, 0x00, 0x40,
    0x7A, 0x76, 0x93, 0x1A, 0x00, 0x40, 0x8A, 0x76, 0x93, 0x0A, 0x24, 0x40,
    0x9A, 0x76, 0x93, 0x0A, 0x18, 0x40, 0xAA, 0x76, 0x93, 0x71, 0x00, 0x4D,
    0x1F, 0x07, 0x18, 0x94, 0x00, 0x4D, 0x0F, 0xE0, 0x22, 0xB1, 0x00, 0x18,
    0x1A, 0x00, 0x40, 0x7A, 0x76, 0x93, 0x3A, 0x00, 0x40, 0x8A, 0x76, 0x93,
    0x0A, 0x24, 0x40, 0x9A, 0x76, 0x93, 0x0A, 0x18, 0x40, 0xAA, 0x76, 0x93,
    0x91, 0x00, 0x4D, 0x4F, 0x06, 0x18, 0x84, 0x00, 0x4D, 0x0F, 0xE0, 0x22,
    0xB1, 0x00, 0x18, 0x0A, 0x00, 0x40, 0x7A, 0x76, 0x93, 0x0A, 0x00, 0x40,
    0x8A, 0x76, 0x93, 0x0A, 0x24, 0x40, 0x9A, 0x76, 0x93, 0x0A, 0x18, 0x40,
    0xAA, 0x76, 0x93, 0x81, 0x00, 0x4D, 0x7F, 0x05, 0x18, 0x04, 0x09, 0x4D,
    0x0F, 0xE0, 0x22, 0x51, 0x00, 0x18, 0x1A, 0x00, 0x40, 0x5A, 0x76, 0x93,
    0x01, 0x09, 0x4D, 0x0F, 0x05, 0x18, 0x14, 0x09, 0x4D, 0x0F, 0xE0, 0x22,
    0x31, 0x03, 0x18, 0x60, 0x76, 0x93, 0x7A, 0x76, 0x83, 0xCF, 0x0A, 0x27,
    0x00, 0x01, 0x18, 0x5A, 0x76, 0x83, 0x0F, 0x7A, 0x26, 0x00, 0x00, 0x0A,
    0x5F, 0xE2, 0x26, 0x20, 0x02, 0x18, 0x9F, 0x76, 0x83, 0x3A, 0x53, 0x83,
    0x4F, 0x6A, 0x22, 0x3A, 0x53, 0x93, 0x4A, 0x53, 0x83, 0x4F, 0xEA, 0x22,
    0x4A, 0x53, 0x93, 0x2A, 0x00, 0x40, 0x5A, 0x76, 0x93, 0x0F, 0x00, 0x0A,
    0x5A, 0x76, 0x83, 0x0F, 0x7A, 0x26, 0x00, 0x00, 0x0A, 0x5F, 0xE2, 0x26,
    0x30, 0x01, 0x18, 0x9F, 0x76, 0x83, 0x6A, 0x53, 0x83, 0x4F, 0x6A, 0x22,
    0x6A, 0x53, 0x93, 0x4A, 0x53, 0x83, 0x4F, 0xEA, 0x22, 0x4A, 0x53, 0x93,
    0x1A, 0x10, 0x8B, 0x04, 0x0F, 0x0F, 0x4F, 0x6A, 0x22, 0x03, 0x80, 0x07,
    0x04, 0x40, 0x48, 0x0F, 0xE2, 0x26, 0x05, 0x18, 0x22, 0x1A, 0x10, 0x9B,
    0x2A, 0x00, 0x40, 0x5A, 0x76, 0x93, 0x0F, 0x00, 0x0A, 0xAF, 0x76, 0x83,
    0x2A, 0x53, 0x83, 0x4F, 0xEA, 0x26, 0x04, 0x00, 0x0A, 0x0A, 0x00, 0x40,
    0x5A, 0x76, 0x93, 0x61, 0x76, 0x83, 0xBF, 0x01, 0x18, 0x24, 0x09, 0x4D,
    0x0F, 0xE0, 0x22, 0x01, 0x00, 0x0A, 0x5A, 0x76, 0x83, 0x0F, 0x7A, 0x26,
    0x00, 0x00, 0x0A, 0xAF, 0x76, 0x83, 0x2A, 0x53, 0x83, 0x4F, 0xEA, 0x22,
    0x2A, 0x53, 0x93, 0x5A, 0x53, 0x83, 0x4F, 0x6A, 0x22, 0x5A, 0x53, 0x93,
    0x0A, 0x00, 0x40, 0x5A, 0x76, 0x93, 0x21, 0x09, 0x4D, 0x7A, 0x76, 0x83,
    0x0F, 0x7A, 0x26, 0x70, 0x00, 0x18, 0x8A, 0x76, 0x83, 0x0F, 0x7A, 0x26,
    0x40, 0x00, 0x18, 0xCF, 0x0A, 0x23, 0x8A, 0x76, 0x93, 0x21, 0x19, 0x4D,
    0x1F, 0x00, 0x18, 0xF1, 0x07, 0x9B, 0x0F, 0x00, 0x0A, 0xBA, 0x00, 0x0D,
    0x08, 0x0A, 0x0F, 0xF8, 0x0F, 0x0F, 0xFF, 0x07, 0x9B, 0xF0, 0x0B, 0x0F,
    0xEF, 0x07, 0x9B, 0x0F, 0x00, 0x0A, 0x0A, 0x00, 0x40, 0x0A, 0x02, 0x98,
    0x1A, 0x02, 0x98, 0x2A, 0x02, 0x98, 0x3A, 0x02, 0x98, 0x4A, 0x02, 0x98,
    0x5A, 0x02, 0x98, 0x6A, 0x02, 0x98, 0x7A, 0x02, 0x98, 0x8A, 0x02, 0x98,
    0x9A, 0x02, 0x98, 0xAA, 0x02, 0x98, 0xBA, 0x02, 0x98, 0xCA, 0x02, 0x98,
    0xDA, 0x02, 0x98, 0xEA, 0x02, 0x98, 0xFA, 0x02, 0x98, 0x0F, 0x00, 0x0A,
    0x0A, 0x00, 0x40, 0x0A, 0x02, 0x95, 0x7A, 0x04, 0x95, 0x8A, 0x04, 0x95,
    0x9A, 0x04, 0x95, 0xAA, 0x04, 0x95, 0x0F, 0x00, 0x0A, 0x0A, 0x02, 0x89,
    0x7F, 0x92, 0x23, 0xFF, 0x92, 0x23, 0x0A, 0x02, 0x99, 0x00, 0x80, 0x07,
    0x85, 0x3E, 0xA0, 0x1E, 0x00, 0x14, 0x00, 0x00, 0x00, 0xBF, 0x92, 0x23,
    0x3F, 0x9A, 0x23, 0x0A, 0x02, 0x99, 0x0F, 0x00, 0x0A, 0x00, 0x00, 0xB1,
    0x0F, 0x00, 0x0B, 0xE0, 0x06, 0x8B, 0x04, 0xF0, 0x4F, 0x0F, 0x80, 0x23,
    0x0A, 0x00, 0x0D, 0xE1, 0x06, 0x8B, 0x0F, 0x81, 0x27, 0x0F, 0xF0, 0x22,
    0x01, 0x00, 0x0A, 0x04, 0x00, 0x4F, 0x0F, 0xE0, 0x22, 0x00, 0x00, 0x0A,
    0x04, 0x10, 0x4F, 0x0F, 0xE0, 0x22, 0x00, 0x00, 0x0A, 0x04, 0x40, 0x4F,
    0x0F, 0xE0, 0x22, 0x00, 0x00, 0x0A, 0x04, 0x50, 0x4F, 0x0F, 0xE0, 0x22,
    0x00, 0x00, 0x0A, 0x04, 0x30, 0x4F, 0x0F, 0xE0, 0x22, 0x00, 0x00, 0x0A,
    0xAA, 0x78, 0x2A, 0x21, 0x00, 0x18, 0x0F, 0x00, 0x0A, 0x02, 0x80, 0x07,
    0x4F, 0x38, 0x1C, 0x0F, 0x00, 0x0A, 0x8B, 0x01, 0x8B, 0x5F, 0x93, 0x23,
    0x00, 0x00, 0x0A, 0x02, 0x80, 0x07, 0x1F, 0x31, 0x1C, 0x00, 0x80, 0x07,
    0x3F, 0x06, 0x18, 0xCF, 0x06, 0x8B, 0xF5, 0x0F, 0x0F, 0x74, 0x00, 0x40,
    0x0F, 0x87, 0x23, 0xEA, 0x7E, 0x93, 0xEA, 0x7E, 0x83, 0xCF, 0x0A, 0x27,
    0x20, 0x00, 0x18, 0x7F, 0x00, 0x18, 0x00, 0xC4, 0x07, 0x55, 0x7F, 0x93,
    0x00, 0xC4, 0x07, 0x65, 0x7F, 0x93, 0x00, 0xC4, 0x07, 0x75, 0x7F, 0x93,
    0x5A, 0x7F, 0x83, 0xCF, 0x0A, 0x26, 0x40, 0x00, 0x18, 0xCF, 0x0A, 0x27,
    0x90, 0x00, 0x18, 0xFF, 0x00, 0x18, 0x00, 0x80, 0x07, 0xF0, 0x68, 0x43,
    0x00, 0x80, 0x07, 0xF1, 0x68, 0x43, 0x00, 0x80, 0x07, 0xC4, 0xB2, 0x43,
    0xEF, 0x00, 0x18, 0x00, 0x80, 0x07, 0xC0, 0xB2, 0x43, 0x00, 0x80, 0x07,
    0xF1, 0x68, 0x43, 0x00, 0x80, 0x07, 0xC4, 0xB2, 0x43, 0x7F, 0x00, 0x18,
    0x00, 0x80, 0x07, 0xF0, 0x68, 0x43, 0x00, 0x80, 0x07, 0x41, 0x81, 0x43,
    0x00, 0x80, 0x07, 0xC4, 0xB2, 0x43, 0x80, 0x7F, 0x93, 0x91, 0x7F, 0x93,
    0xA4, 0x7F, 0x93, 0x6A, 0x7F, 0x83, 0xCF, 0x0A, 0x26, 0x40, 0x00, 0x18,
    0xCF, 0x0A, 0x27, 0x90, 0x00, 0x18, 0xFF, 0x00, 0x18, 0x00, 0x80, 0x07,
    0x10, 0x69, 0x43, 0x00, 0x80, 0x07, 0x11, 0x69, 0x43, 0x00, 0x80, 0x07,
    0x44, 0x81, 0x43, 0xEF, 0x00, 0x18, 0x00, 0x80, 0x07, 0x10, 0x69, 0x43,
    0x00, 0x80, 0x07, 0x41, 0x81, 0x43, 0x00, 0x80, 0x07, 0x14, 0x69, 0x43,
    0x7F, 0x00, 0x18, 0x00, 0x80, 0x07, 0x10, 0x69, 0x43, 0x00, 0x80, 0x07,
    0x41, 0x81, 0x43, 0x00, 0x80, 0x07, 0x44, 0x81, 0x43, 0xB0, 0x7F, 0x93,
    0xC1, 0x7F, 0x93, 0xD4, 0x7F, 0x93, 0x7A, 0x7F, 0x83, 0xCF, 0x0A, 0x26,
    0x40, 0x00, 0x18, 0xCF, 0x0A, 0x27, 0x90, 0x00, 0x18, 0xFF, 0x00, 0x18,
    0x00, 0x80, 0x07, 0xD0, 0x68, 0x43, 0x00, 0x80, 0x07, 0xD1, 0x68, 0x43,
    0x00, 0x80, 0x07, 0x44, 0x81, 0x43, 0xEF, 0x00, 0x18, 0x00, 0x80, 0x07,
    0xD0, 0x68, 0x43, 0x00, 0x80, 0x07, 0x41, 0x81, 0x43, 0x00, 0x80, 0x07,
    0xD4, 0x68, 0x43, 0x7F, 0x00, 0x18, 0x00, 0x80, 0x07, 0xD0, 0x68, 0x43,
    0x00, 0x80, 0x07, 0x41, 0x81, 0x43, 0x00, 0x80, 0x07, 0x44, 0x81, 0x43,
    0xE0, 0x7F, 0x93, 0xF1, 0x7F, 0x93, 0x04, 0x80, 0x93, 0x0F, 0x00, 0x0A,
    0x2A, 0x08, 0x8A, 0x5F, 0x8A, 0x27, 0xE1, 0xFF, 0x1B, 0xEA, 0x71, 0x83,
    0x04, 0x0C, 0x40, 0x0F, 0xE2, 0x26, 0x41, 0x00, 0x18, 0x0A, 0x06, 0x4F,
    0x3A, 0x08, 0x9A, 0x9F, 0x00, 0x18, 0x04, 0x06, 0x40, 0x0F, 0xE2, 0x26,
    0x41, 0x00, 0x18, 0x0A, 0x03, 0x4F, 0x3A, 0x08, 0x9A, 0x3F, 0x00, 0x18,
    0x0A, 0xD0, 0x42, 0x3A, 0x08, 0x9A, 0xBA, 0x01, 0x40, 0x5A, 0x08, 0x9A,
    0xAA, 0x10, 0x42, 0x4A, 0x08, 0x9A, 0xEA, 0x02, 0x40, 0x2A, 0x08, 0x9A,
    0x2A, 0x08, 0x8A, 0x5F, 0x8A, 0x27, 0xE1, 0xFF, 0x1B, 0x90, 0x37, 0xB2,
    0x51, 0x15, 0xB2, 0x45, 0x00, 0x50, 0x41, 0x00, 0x58, 0x44, 0x00, 0x50,
    0x40, 0x00, 0x58, 0x60, 0x21, 0xB2, 0x71, 0x15, 0xB2, 0x45, 0x00, 0x50,
    0x41, 0x00, 0x58, 0x10, 0x31, 0xB2, 0x81, 0x15, 0xB2, 0x00, 0x80, 0x07,
    0x85, 0x00, 0xA0, 0x2E, 0x00, 0x14, 0x45, 0x00, 0x50, 0x41, 0x00, 0x58,
    0x90, 0x31, 0xB2, 0x01, 0x16, 0xB2, 0x00, 0x80, 0x07, 0x85, 0x00, 0xA0,
    0x2E, 0x00, 0x14, 0x45, 0x00, 0x50, 0x41, 0x00, 0x58, 0xD0, 0x36, 0xB2,
    0x01, 0x17, 0xB2, 0x00, 0x80, 0x07, 0x35, 0x00, 0xA0, 0x2E, 0x00, 0x14,
    0x45, 0x00, 0x50, 0x41, 0x00, 0x58, 0x70, 0x36, 0xB2, 0xA1, 0x16, 0xB2,
    0x00, 0x80, 0x07, 0x35, 0x00, 0xA0, 0x2E, 0x00, 0x14, 0x45, 0x00, 0x50,
    0x41, 0x00, 0x58, 0xA0, 0x36, 0xB2, 0xD1, 0x16, 0xB2, 0x00, 0x80, 0x07,
    0x35, 0x00, 0xA0, 0x2E, 0x00, 0x14, 0x45, 0x00, 0x50, 0x41, 0x00, 0x58,
    0xD0, 0x33, 0xB2, 0x31, 0x14, 0xB2, 0x00, 0x80, 0x07, 0x55, 0x00, 0xA0,
    0x2E, 0x00, 0x14, 0x45, 0x00, 0x50, 0x41, 0x00, 0x58, 0x20, 0x34, 0xB2,
    0x91, 0x14, 0xB2, 0x00, 0x80, 0x07, 0x55, 0x00, 0xA0, 0x2E, 0x00, 0x14,
    0x45, 0x00, 0x50, 0x41, 0x00, 0x58, 0xC0, 0x37, 0xB2, 0x81, 0x14, 0xB2,
    0x45, 0x00, 0x50, 0x41, 0x00, 0x58, 0xD0, 0x37, 0xB2, 0xE1, 0x14, 0xB2,
    0x45, 0x00, 0x50, 0x41, 0x00, 0x58, 0xD0, 0x29, 0xB2, 0xA1, 0x10, 0xB2,
    0x00, 0x80, 0x07, 0x85, 0x02, 0xA0, 0x2E, 0x00, 0x14, 0x45, 0x00, 0x50,
    0x41, 0x00, 0x58, 0x10, 0x32, 0xB2, 0x21, 0x13, 0xB2, 0x00, 0x80, 0x07,
    0x85, 0x00, 0xA0, 0x2E, 0x00, 0x14, 0x45, 0x00, 0x50, 0x41, 0x00, 0x58,
    0xE0, 0x37, 0xB2, 0xA1, 0x13, 0xB2, 0x45, 0x00, 0x50, 0x41, 0x00, 0x58,
    0xF0, 0x37, 0xB2, 0xB1, 0x13, 0xB2, 0x45, 0x00, 0x50, 0x41, 0x00, 0x58,
    0xB0, 0x1B, 0xB2, 0xC1, 0x13, 0xB2, 0x00, 0x80, 0x07, 0x55, 0x00, 0xA0,
    0x2E, 0x00, 0x14, 0x45, 0x00, 0x50, 0x41, 0x00, 0x58, 0xB0, 0x37, 0xB2,
    0x11, 0x14, 0xB2, 0x45, 0x00, 0x50, 0x41, 0x00, 0x58, 0x50, 0x2F, 0xB2,
    0x31, 0x17, 0xB2, 0x00, 0x80, 0x07, 0xC5, 0x00, 0xA0, 0x2E, 0x00, 0x14,
    0x45, 0x00, 0x50, 0x41, 0x00, 0x58, 0x3A, 0x01, 0x8B, 0x04, 0x0C, 0x40,
    0x0F, 0x82, 0x23, 0xFA, 0x0A, 0x0F, 0x56, 0x00, 0x40, 0x00, 0x30, 0x0C,
    0x0F, 0xE7, 0x20, 0x00, 0x20, 0x0C, 0x6B, 0x08, 0x0D, 0xF1, 0x17, 0xB2,
    0xC0, 0x34, 0xB2, 0x16, 0x00, 0x09, 0xF6, 0xFF, 0xBF, 0x00, 0x80, 0x07,
    0x55, 0x00, 0xA0, 0x2E, 0x00, 0x14, 0xA5, 0x00, 0x50, 0xA1, 0x00, 0x58,
    0x50, 0x36, 0xB2, 0x81, 0x16, 0xB2, 0x00, 0x80, 0x07, 0x25, 0x00, 0xA0,
    0x2E, 0x00, 0x14, 0x45, 0x00, 0x50, 0x41, 0x00, 0x58, 0x10, 0x10, 0xB2,
    0xF1, 0x14, 0xB2, 0x45, 0x00, 0x50, 0x41, 0x00, 0x58, 0x20, 0x10, 0xB2,
    0x01, 0x15, 0xB2, 0x45, 0x00, 0x50, 0x41, 0x00, 0x58, 0x30, 0x10, 0xB2,
    0x11, 0x15, 0xB2, 0x45, 0x00, 0x50, 0x41, 0x00, 0x58, 0x50, 0x10, 0xB2,
    0x41, 0x15, 0xB2, 0x45, 0x00, 0x50, 0x41, 0x00, 0x58, 0x0F, 0x00, 0x0A,

    //start:0x0086BC, len:949(words), 2847(bytes)
    0x02, 0x80, 0x07, 0xBF, 0xE9, 0x1C, 0x02, 0x80, 0x07, 0x2F, 0xDC, 0x1C,
    0x02, 0x80, 0x07, 0xCF, 0x11, 0x1D, 0x02, 0x80, 0x07, 0x5F, 0x17, 0x1D,
    0x02, 0x80, 0x07, 0xCF, 0x1F, 0x1D, 0x02, 0x80, 0x07, 0xCF, 0x30, 0x1D,
    0x02, 0x80, 0x07, 0x7F, 0x09, 0x1D, 0x02, 0x80, 0x07, 0x1F, 0x3A, 0x1D,
    0x02, 0x80, 0x07, 0xDF, 0x18, 0x1D, 0x02, 0x80, 0x07, 0x1F, 0x00, 0x1D,
    0x02, 0x80, 0x07, 0x1F, 0xA7, 0x1C, 0x02, 0x80, 0x07, 0x2F, 0xBB, 0x1C,
    0x0A, 0x00, 0x40, 0x4A, 0x81, 0x93, 0x5A, 0x81, 0x93, 0x1A, 0x00, 0x40,
    0xBA, 0x8A, 0x93, 0x00, 0x80, 0x07, 0xFA, 0x68, 0x43, 0x8A, 0x7F, 0x93,
    0x9A, 0x7F, 0x93, 0x00, 0x80, 0x07, 0x1A, 0x69, 0x43, 0xBA, 0x7F, 0x93,
    0xCA, 0x7F, 0x93, 0x00, 0x80, 0x07, 0xDA, 0x68, 0x43, 0xEA, 0x7F, 0x93,
    0xFA, 0x7F, 0x93, 0x00, 0x80, 0x07, 0xCA, 0xB2, 0x43, 0xAA, 0x7F, 0x93,
    0x00, 0x80, 0x07, 0x4A, 0x81, 0x43, 0xDA, 0x7F, 0x93, 0x0A, 0x80, 0x93,
    0x0A, 0xC0, 0x40, 0x3A, 0x8C, 0x93, 0x4A, 0x8C, 0x93, 0x6A, 0x8C, 0x93,
    0x7F, 0x80, 0x07, 0xFA, 0xFF, 0x4F, 0xCA, 0x82, 0x93, 0xDA, 0x82, 0x93,
    0x00, 0x80, 0x07, 0xCA, 0x82, 0x43, 0xFA, 0x75, 0x93, 0x0A, 0x76, 0x93,
    0x1A, 0x76, 0x93, 0x2A, 0x76, 0x93, 0x3A, 0x76, 0x93, 0x4A, 0x76, 0x93,
    0x00, 0x80, 0x07, 0x0A, 0x1C, 0x42, 0xBA, 0x38, 0x93, 0x2A, 0x02, 0x40,
    0x8A, 0x8A, 0x93, 0x1A, 0x00, 0x40, 0x7A, 0x8A, 0x93, 0x0A, 0x00, 0x40,
    0x6A, 0x8A, 0x93, 0x0F, 0x00, 0x0A, 0x00, 0x80, 0x07, 0xDF, 0x04, 0x1C,
    0x9F, 0x33, 0x1C, 0x1F, 0x1F, 0x1C, 0x1A, 0x00, 0x40, 0x20, 0x7F, 0x83,
    0x0F, 0x78, 0x26, 0x00, 0x18, 0x22, 0x4A, 0x7F, 0x93, 0x3A, 0x7F, 0x83,
    0x0F, 0x7A, 0x26, 0x04, 0x18, 0x22, 0x00, 0x80, 0x07, 0x50, 0x73, 0x48,
    0x00, 0x80, 0x07, 0x04, 0x72, 0x48, 0x0F, 0xE0, 0x26, 0xAA, 0xF2, 0x2A,
    0x05, 0x18, 0x22, 0x3A, 0x7F, 0x93, 0x3A, 0x7F, 0x83, 0x00, 0x80, 0x07,
    0x04, 0x72, 0x48, 0x0F, 0x62, 0x22, 0x3A, 0x08, 0x0D, 0xCF, 0x00, 0x0B,
    0xAF, 0x01, 0x18, 0x7F, 0x03, 0x18, 0x3F, 0x06, 0x18, 0xAF, 0x06, 0x18,
    0x1F, 0x07, 0x18, 0x8F, 0x09, 0x18, 0x6F, 0x0B, 0x18, 0x2F, 0x0C, 0x18,
    0x0F, 0x0E, 0x18, 0xDF, 0x0E, 0x18, 0xDF, 0x10, 0x18, 0xBF, 0x0F, 0x18,
    0x3F, 0x10, 0x18, 0x1F, 0x0F, 0x18, 0x1F, 0x11, 0x18, 0xFF, 0x12, 0x18,
    0x4F, 0x14, 0x18, 0x2F, 0x16, 0x18, 0xCF, 0x06, 0x18, 0xDF, 0x16, 0x18,
    0x7F, 0x19, 0x18, 0x5F, 0x1C, 0x1C, 0x4A, 0x7F, 0x83, 0x0F, 0x7A, 0x26,
    0x70, 0xFD, 0x1B, 0x0F, 0x00, 0x0A, 0x3A, 0x53, 0x83, 0x04, 0x12, 0x40,
    0x0F, 0xE2, 0x26, 0x84, 0x01, 0x18, 0xCA, 0x81, 0x83, 0x0F, 0x7A, 0x26,
    0x31, 0x00, 0x18, 0x7A, 0x53, 0x83, 0x2F, 0x00, 0x18, 0x2A, 0x53, 0x83,
    0x05, 0x84, 0x43, 0x0F, 0xEA, 0x26, 0xF5, 0x00, 0x18, 0x2A, 0x08, 0x8A,
    0x5F, 0x8A, 0x27, 0xC1, 0xFE, 0x1B, 0x0A, 0x60, 0x40, 0x04, 0x00, 0x48,
    0x0F, 0x62, 0x22, 0x4A, 0x08, 0x9A, 0x7A, 0x79, 0x83, 0x3A, 0x08, 0x9A,
    0x0A, 0x12, 0x40, 0x5A, 0x08, 0x9A, 0xEA, 0x02, 0x40, 0x2A, 0x08, 0x9A,
    0xDF, 0x02, 0x18, 0x00, 0xC4, 0x07, 0x45, 0x7F, 0x93, 0xEF, 0xFD, 0x1B,
    0x2A, 0x08, 0x8A, 0x5F, 0x8A, 0x27, 0xB1, 0xFD, 0x1B, 0x02, 0x80, 0x07,
    0xEF, 0xB6, 0x1C, 0x00, 0x60, 0xA0, 0x00, 0x00, 0xB0, 0x01, 0x10, 0xB0,
    0x02, 0x20, 0xB0, 0x03, 0x28, 0xA0, 0x03, 0x30, 0xB0, 0x02, 0x38, 0xA0,
    0x00, 0x80, 0x07, 0x05, 0x08, 0xA0, 0x47, 0x00, 0xA0, 0x7E, 0x01, 0x14,
    0x01, 0x00, 0x60, 0x11, 0x00, 0x60, 0x41, 0x00, 0x60, 0x51, 0x00, 0x60,
    0x21, 0x00, 0x60, 0x31, 0x00, 0x60, 0x61, 0x00, 0x60, 0x71, 0x00, 0x60,
    0x03, 0x00, 0x09, 0x01, 0x00, 0x78, 0x11, 0x00, 0x78, 0x05, 0x00, 0x78,
    0x15, 0x00, 0x78, 0xAA, 0x81, 0x83, 0x0F, 0x7A, 0x26, 0x41, 0x00, 0x18,
    0x49, 0x00, 0x78, 0x5D, 0x00, 0x68, 0x3F, 0x00, 0x18, 0x09, 0x00, 0x78,
    0x1D, 0x00, 0x68, 0x0D, 0x00, 0x78, 0x19, 0x00, 0x68, 0xE7, 0xFF, 0xAF,
    0x1F, 0x00, 0x18, 0x3A, 0x7F, 0x83, 0xCF, 0x2A, 0x22, 0x3A, 0x7F, 0x93,
    0x1F, 0xFB, 0x1B, 0x0A, 0x01, 0x8B, 0xDF, 0x82, 0x27, 0xA0, 0xFF, 0x1B,
    0x00, 0x0C, 0x0C, 0x02, 0x80, 0x07, 0x7F, 0x20, 0x1D, 0x00, 0x08, 0x0C,
    0x5F, 0xFF, 0x1B, 0x0A, 0x01, 0x8B, 0x9F, 0x82, 0x27, 0x20, 0xFF, 0x1B,
    0x00, 0x0C, 0x0C, 0x02, 0x80, 0x07, 0x2F, 0x3B, 0x1D, 0x00, 0x08, 0x0C,
    0xDF, 0xFE, 0x1B, 0x9A, 0x01, 0x8B, 0xF4, 0x0F, 0x40, 0x0F, 0x82, 0x27,
    0x90, 0xFE, 0x1B, 0x00, 0x0C, 0x0C, 0x02, 0x80, 0x07, 0xCF, 0x19, 0x1D,
    0x00, 0x08, 0x0C, 0x4F, 0xFE, 0x1B, 0x4A, 0x01, 0x8B, 0xDF, 0x8A, 0x27,
    0x10, 0xFE, 0x1B, 0x00, 0x0C, 0x0C, 0x00, 0x00, 0x00, 0x0A, 0x20, 0x40,
    0x0A, 0x48, 0x93, 0x0A, 0x28, 0x40, 0x1A, 0x48, 0x93, 0x00, 0x80, 0x07,
    0x05, 0x08, 0xA0, 0x1E, 0x01, 0x14, 0x00, 0x48, 0x33, 0x00, 0x00, 0x60,
    0x10, 0x68, 0x93, 0x10, 0x48, 0x33, 0x00, 0x00, 0x60, 0x20, 0x68, 0x93,
    0x02, 0x80, 0x07, 0x9F, 0x2B, 0x1D, 0x00, 0x00, 0x00, 0x00, 0x48, 0x33,
    0x10, 0x68, 0x83, 0x01, 0x00, 0x68, 0x08, 0x48, 0x33, 0x10, 0x48, 0x33,
    0x20, 0x68, 0x83, 0x01, 0x00, 0x68, 0x18, 0x48, 0x33, 0x00, 0x08, 0x0C,
    0x5F, 0xFC, 0x1B, 0x0A, 0x02, 0x8B, 0xDF, 0x9A, 0x27, 0x20, 0xFC, 0x1B,
    0x00, 0x0C, 0x0C, 0x00, 0x00, 0x00, 0x0A, 0x20, 0x40, 0x0A, 0x48, 0x93,
    0x0A, 0x28, 0x40, 0x1A, 0x48, 0x93, 0x00, 0x80, 0x07, 0x05, 0x08, 0xA0,
    0x1E, 0x01, 0x14, 0x00, 0x48, 0x33, 0x00, 0x00, 0x60, 0x10, 0x68, 0x93,
    0x10, 0x48, 0x33, 0x00, 0x00, 0x60, 0x20, 0x68, 0x93, 0xD5, 0x74, 0x33,
    0x5F, 0x00, 0x0B, 0x00, 0x00, 0x00, 0x00, 0x48, 0x33, 0x10, 0x68, 0x83,
    0x01, 0x00, 0x68, 0x08, 0x48, 0x33, 0x10, 0x48, 0x33, 0x20, 0x68, 0x83,
    0x01, 0x00, 0x68, 0x18, 0x48, 0x33, 0x00, 0x08, 0x0C, 0x6F, 0xFA, 0x1B,
    0xF4, 0x0F, 0x40, 0x8A, 0x00, 0x8B, 0x0F, 0x82, 0x27, 0x20, 0xFA, 0x1B,
    0x00, 0x0C, 0x0C, 0x00, 0x20, 0xA0, 0x47, 0x82, 0x83, 0x0F, 0x16, 0x1C,
    0x00, 0x30, 0xA0, 0x47, 0x82, 0x83, 0xDF, 0x15, 0x1C, 0x00, 0x08, 0x0C,
    0x9F, 0xF9, 0x1B, 0x0A, 0x01, 0x8B, 0x1F, 0x9A, 0x27, 0x60, 0xF9, 0x1B,
    0x00, 0x0C, 0x0C, 0x00, 0x00, 0x00, 0x0A, 0x20, 0x40, 0x0A, 0x48, 0x93,
    0x0A, 0x28, 0x40, 0x1A, 0x48, 0x93, 0x00, 0x80, 0x07, 0x05, 0x08, 0xA0,
    0x1E, 0x01, 0x14, 0x00, 0x48, 0x33, 0x00, 0x00, 0x60, 0x10, 0x68, 0x93,
    0x10, 0x48, 0x33, 0x00, 0x00, 0x60, 0x20, 0x68, 0x93, 0x02, 0x80, 0x07,
    0xBF, 0xEB, 0x1C, 0x00, 0x00, 0x00, 0x00, 0x48, 0x33, 0x10, 0x68, 0x83,
    0x01, 0x00, 0x68, 0x08, 0x48, 0x33, 0x10, 0x48, 0x33, 0x20, 0x68, 0x83,
    0x01, 0x00, 0x68, 0x18, 0x48, 0x33, 0x00, 0x08, 0x0C, 0xAF, 0xF7, 0x1B,
    0x00, 0x0C, 0x0C, 0xE9, 0x0F, 0x40, 0x00, 0x20, 0xA0, 0x01, 0x20, 0xA0,
    0xC1, 0x00, 0x60, 0x00, 0x80, 0x07, 0x05, 0x08, 0xA0, 0x4E, 0x00, 0x14,
    0xB1, 0x24, 0x12, 0xF5, 0xA3, 0x12, 0xF5, 0x00, 0x68, 0xC1, 0x00, 0x60,
    0x00, 0x08, 0x0C, 0xCF, 0xF6, 0x1B, 0x0A, 0x01, 0x8B, 0xDF, 0x92, 0x27,
    0x90, 0xF6, 0x1B, 0x00, 0x0C, 0x0C, 0x02, 0x80, 0x07, 0xBF, 0xE3, 0x1C,
    0x00, 0x08, 0x0C, 0x4F, 0xF6, 0x1B, 0x0A, 0x01, 0x8B, 0xDF, 0x8A, 0x27,
    0x10, 0xF6, 0x1B, 0x00, 0x0C, 0x0C, 0x02, 0x80, 0x07, 0xAF, 0x0C, 0x1D,
    0x00, 0x08, 0x0C, 0xCF, 0xF5, 0x1B, 0x02, 0x80, 0x07, 0x3F, 0xB8, 0x1C,
    0x00, 0x0C, 0x0C, 0x02, 0x80, 0x07, 0x1F, 0xAF, 0x1C, 0x00, 0x08, 0x0C,
    0x02, 0x80, 0x07, 0xAF, 0xB8, 0x1C, 0x3F, 0xF5, 0x1B, 0x0A, 0x01, 0x8B,
    0x5F, 0x8A, 0x27, 0x00, 0xF5, 0x1B, 0x00, 0x0C, 0x0C, 0x02, 0x80, 0x07,
    0x3F, 0x14, 0x1D, 0x00, 0x08, 0x0C, 0xBF, 0xF4, 0x1B, 0x0A, 0x01, 0x8B,
    0x1F, 0x82, 0x27, 0x80, 0xF4, 0x1B, 0x00, 0x0C, 0x0C, 0x02, 0x80, 0x07,
    0xEF, 0x07, 0x1D, 0x00, 0x08, 0x0C, 0x3F, 0xF4, 0x1B, 0x0A, 0x02, 0x8B,
    0xDF, 0x9A, 0x27, 0x00, 0xF4, 0x1B, 0x00, 0x0C, 0x0C, 0x00, 0x00, 0x00,
    0x0A, 0x20, 0x40, 0x0A, 0x48, 0x93, 0x0A, 0x28, 0x40, 0x1A, 0x48, 0x93,
    0x00, 0x80, 0x07, 0x05, 0x08, 0xA0, 0x1E, 0x01, 0x14, 0x00, 0x48, 0x33,
    0x00, 0x00, 0x60, 0x10, 0x68, 0x93, 0x10, 0x48, 0x33, 0x00, 0x00, 0x60,
    0x20, 0x68, 0x93, 0xE5, 0x74, 0x33, 0x5F, 0x00, 0x0B, 0x00, 0x00, 0x00,
    0x00, 0x48, 0x33, 0x10, 0x68, 0x83, 0x01, 0x00, 0x68, 0x08, 0x48, 0x33,
    0x10, 0x48, 0x33, 0x20, 0x68, 0x83, 0x01, 0x00, 0x68, 0x18, 0x48, 0x33,
    0x00, 0x08, 0x0C, 0x4F, 0xF2, 0x1B, 0xAA, 0x84, 0x83, 0xAA, 0x7A, 0x2A,
    0x51, 0x00, 0x18, 0x7A, 0x07, 0x8B, 0xFF, 0x82, 0x23, 0x7A, 0x07, 0x9B,
    0xFF, 0x00, 0x18, 0x7A, 0x07, 0x8B, 0xDF, 0xA2, 0x23, 0x7A, 0x07, 0x9B,
    0x00, 0x0C, 0x0C, 0x1A, 0x01, 0x8B, 0x5F, 0x9A, 0x27, 0x71, 0x00, 0x18,
    0x00, 0x20, 0xA0, 0x01, 0x28, 0xA0, 0x92, 0x7D, 0xA3, 0xB3, 0x84, 0xA3,
    0xC2, 0x84, 0x83, 0x7F, 0x1B, 0x1C, 0x00, 0x08, 0x0C, 0xEF, 0xF0, 0x1B,
    0x0A, 0x01, 0x8B, 0x5F, 0x9A, 0x27, 0xB0, 0xF0, 0x1B, 0x00, 0x0C, 0x0C,
    0x00, 0x00, 0x00, 0x0A, 0x20, 0x40, 0x0A, 0x48, 0x93, 0x0A, 0x28, 0x40,
    0x1A, 0x48, 0x93, 0x00, 0x80, 0x07, 0x05, 0x08, 0xA0, 0x1E, 0x01, 0x14,
    0x00, 0x48, 0x33, 0x00, 0x00, 0x60, 0x10, 0x68, 0x93, 0x10, 0x48, 0x33,
    0x00, 0x00, 0x60, 0x20, 0x68, 0x93, 0x02, 0x80, 0x07, 0x0F, 0x31, 0x1D,
    0x00, 0x00, 0x00, 0x00, 0x48, 0x33, 0x10, 0x68, 0x83, 0x01, 0x00, 0x68,
    0x08, 0x48, 0x33, 0x10, 0x48, 0x33, 0x20, 0x68, 0x83, 0x01, 0x00, 0x68,
    0x18, 0x48, 0x33, 0x00, 0x08, 0x0C, 0xFF, 0xEE, 0x1B, 0x9A, 0x01, 0x8B,
    0xF4, 0x0F, 0x40, 0x0F, 0x82, 0x23, 0x60, 0x00, 0x18, 0x00, 0x0C, 0x0C,
    0x02, 0x80, 0x07, 0x7F, 0x1E, 0x1D, 0x00, 0x08, 0x0C, 0x6F, 0xEE, 0x1B,
    0x7A, 0x07, 0x8B, 0x3F, 0x82, 0x23, 0x7A, 0x07, 0x9B, 0x2F, 0xEE, 0x1B,
    0x02, 0x80, 0x07, 0x3F, 0xB8, 0x1C, 0x2A, 0x08, 0x8A, 0x5F, 0x8A, 0x27,
    0x11, 0xE9, 0x1B, 0x00, 0x00, 0xB0, 0x01, 0x10, 0xB0, 0x02, 0x20, 0xB0,
    0x03, 0x28, 0xA0, 0x03, 0x30, 0xB0, 0x02, 0x38, 0xA0, 0x00, 0x60, 0xA0,
    0x00, 0x80, 0x07, 0x05, 0x08, 0xA0, 0x0E, 0x01, 0x14, 0x01, 0x00, 0x70,
    0x01, 0x00, 0x68, 0x11, 0x00, 0x70, 0x11, 0x00, 0x68, 0x45, 0x00, 0x70,
    0x41, 0x00, 0x68, 0x55, 0x00, 0x70, 0x51, 0x00, 0x68, 0x29, 0x00, 0x70,
    0x21, 0x00, 0x68, 0x3D, 0x00, 0x60, 0x31, 0x00, 0x68, 0x6D, 0x00, 0x70,
    0x61, 0x00, 0x68, 0x79, 0x00, 0x60, 0x71, 0x00, 0x68, 0x0A, 0x60, 0x40,
    0x01, 0x80, 0x07, 0x04, 0x00, 0x48, 0x0F, 0x62, 0x22, 0x4A, 0x08, 0x9A,
    0x8A, 0x79, 0x83, 0x3A, 0x08, 0x9A, 0x0A, 0x0C, 0x40, 0x5A, 0x08, 0x9A,
    0xEA, 0x02, 0x40, 0x2A, 0x08, 0x9A, 0x7F, 0xEB, 0x1B, 0x2A, 0x08, 0x8A,
    0x5F, 0x8A, 0x27, 0x81, 0xE6, 0x1B, 0x40, 0x00, 0x04, 0x04, 0x70, 0x47,
    0x05, 0xF4, 0x4A, 0x01, 0x12, 0x40, 0x7A, 0x79, 0x83, 0x41, 0x6A, 0x22,
    0x0F, 0xEA, 0x26, 0x05, 0x00, 0x22, 0x7A, 0x79, 0x93, 0x4A, 0x53, 0x83,
    0x41, 0x6A, 0x22, 0x4A, 0x53, 0x93, 0x3A, 0x53, 0x83, 0x41, 0xEA, 0x22,
    0x3A, 0x53, 0x93, 0x04, 0xE0, 0x43, 0x05, 0x70, 0x47, 0x01, 0x0C, 0x40,
    0x8A, 0x79, 0x83, 0x41, 0x6A, 0x22, 0x0F, 0xEA, 0x26, 0x05, 0x00, 0x22,
    0x8A, 0x79, 0x93, 0xC5, 0x81, 0x83, 0x0F, 0x08, 0x26, 0x41, 0x00, 0x18,
    0x0F, 0xE2, 0x22, 0x04, 0x0A, 0x0F, 0x2F, 0x10, 0x9B, 0xC5, 0x81, 0x83,
    0x0F, 0x08, 0x26, 0x51, 0x00, 0x18, 0x7A, 0x53, 0x83, 0x41, 0x6A, 0x22,
    0x7A, 0x53, 0x93, 0x4F, 0x00, 0x18, 0x2A, 0x53, 0x83, 0x41, 0x6A, 0x22,
    0x2A, 0x53, 0x93, 0x5A, 0x53, 0x83, 0x41, 0xEA, 0x22, 0x5A, 0x53, 0x93,
    0x60, 0x00, 0x04, 0x8F, 0xE8, 0x1B, 0xAA, 0x81, 0x83, 0x0F, 0x7A, 0x26,
    0x71, 0x01, 0x18, 0x1A, 0x11, 0x8B, 0x14, 0x11, 0x8B, 0x0F, 0xE2, 0x26,
    0x31, 0x01, 0x18, 0x05, 0x70, 0x47, 0xFC, 0x0A, 0x0F, 0x0F, 0x6F, 0x22,
    0x2A, 0x4F, 0x93, 0x05, 0x84, 0x43, 0x34, 0x4F, 0x83, 0x3A, 0x4F, 0x93,
    0x0F, 0xE2, 0x22, 0x04, 0x6A, 0x22, 0x4A, 0x00, 0x0D, 0x40, 0x00, 0x04,
    0x6A, 0x53, 0x83, 0x0F, 0xE2, 0x22, 0x6A, 0x53, 0x93, 0x3A, 0x53, 0x83,
    0x0F, 0x62, 0x22, 0x3A, 0x53, 0x93, 0x60, 0x00, 0x04, 0xCA, 0x81, 0x83,
    0x0F, 0x7A, 0x26, 0x01, 0x00, 0x0A, 0x2A, 0x11, 0x8B, 0x24, 0x11, 0x8B,
    0x0F, 0xE2, 0x26, 0x01, 0x00, 0x0A, 0x05, 0xE0, 0x43, 0xFC, 0x0A, 0x0F,
    0x0F, 0x6F, 0x22, 0x4A, 0x4F, 0x93, 0x05, 0x90, 0x43, 0x54, 0x4F, 0x83,
    0x5A, 0x4F, 0x93, 0x0F, 0xE2, 0x22, 0x04, 0x6A, 0x22, 0x4A, 0x00, 0x0D,
    0x40, 0x00, 0x04, 0x7A, 0x53, 0x83, 0x0F, 0xE2, 0x22, 0x7A, 0x53, 0x93,
    0x2A, 0x53, 0x83, 0x0F, 0x62, 0x22, 0x2A, 0x53, 0x93, 0x60, 0x00, 0x04,
    0x0F, 0x00, 0x0A, 0xF4, 0x0F, 0x40, 0x0F, 0x80, 0x23, 0x0F, 0x22, 0x23,
    0xBA, 0x00, 0x0D, 0x02, 0x1F, 0xB2, 0x04, 0x0F, 0x40, 0x0F, 0x83, 0x23,
    0xFC, 0x0A, 0x0F, 0x7F, 0x08, 0x0D, 0x1B, 0x00, 0x09, 0x6B, 0x00, 0x50,
    0x02, 0x20, 0xB2, 0xF4, 0x00, 0x40, 0x0F, 0x83, 0x23, 0x7A, 0x08, 0x0D,
    0x1B, 0x00, 0x09, 0x2B, 0x00, 0x50, 0x0F, 0x80, 0x20, 0x7F, 0x80, 0x07,
    0xF7, 0x7A, 0x41, 0x0F, 0x8C, 0x20, 0x0F, 0x00, 0x0A, 0x00, 0x80, 0x07,
    0x05, 0x08, 0xA0, 0xAE, 0x00, 0x14, 0x21, 0x00, 0x60, 0x0F, 0x88, 0x20,
    0x22, 0x08, 0x61, 0x4C, 0x6C, 0x22, 0x4A, 0x6A, 0x22, 0xA1, 0x88, 0x68,
    0x0F, 0x08, 0x21, 0x4C, 0x6C, 0x22, 0x4A, 0x6A, 0x22, 0xA1, 0x00, 0x68,
    0x0F, 0x00, 0x0A, 0xF0, 0x00, 0xAB, 0x08, 0x00, 0xA0, 0xA1, 0x82, 0xA3,
    0x09, 0x00, 0xA0, 0x0B, 0x00, 0xB0, 0x0F, 0x18, 0x26, 0x00, 0x80, 0x07,
    0x25, 0x00, 0xA0, 0x0E, 0x02, 0x14, 0xAA, 0x10, 0x2A, 0x60, 0x00, 0x18,
    0x00, 0x00, 0x60, 0xF4, 0x0F, 0x40, 0x0F, 0x80, 0x23, 0x0A, 0x00, 0x0D,
    0x6F, 0x00, 0x18, 0x00, 0x00, 0x60, 0x04, 0xF0, 0x4F, 0x0F, 0x80, 0x23,
    0xF8, 0x0A, 0x0F, 0x0F, 0x00, 0x0D, 0xF4, 0x0F, 0x40, 0x0F, 0x98, 0x20,
    0xAA, 0x20, 0x2B, 0xF0, 0x00, 0x18, 0x53, 0x2C, 0xB2, 0x04, 0x0F, 0x40,
    0x0F, 0x80, 0x23, 0xFC, 0x0A, 0x0F, 0x7F, 0x08, 0x0D, 0x1F, 0x00, 0x09,
    0x6F, 0x00, 0x50, 0x53, 0x2D, 0xB2, 0xF4, 0x00, 0x40, 0x0F, 0x80, 0x23,
    0x7A, 0x08, 0x0D, 0x1F, 0x00, 0x09, 0x2F, 0x00, 0x50, 0x0F, 0x80, 0x20,
    0xC5, 0x00, 0x68, 0x0F, 0x30, 0x26, 0xE7, 0xFF, 0xBF, 0x0F, 0x00, 0x0A,
    0x72, 0x80, 0x07, 0x36, 0x48, 0x41, 0xF4, 0x07, 0x40, 0x7F, 0x80, 0x07,
    0xFC, 0xFF, 0x4F, 0xDF, 0x8B, 0x27, 0x11, 0x02, 0x18, 0x0F, 0x83, 0x23,
    0x31, 0x00, 0x18, 0x0F, 0x87, 0x27, 0xA0, 0x01, 0x18, 0x0F, 0xE2, 0x26,
    0xB0, 0x01, 0x18, 0xBA, 0x00, 0x0D, 0x1F, 0x00, 0x0D, 0x12, 0x30, 0xB2,
    0x04, 0x07, 0x40, 0x0F, 0x83, 0x23, 0xFC, 0x0A, 0x0F, 0x6F, 0x08, 0x0D,
    0x1A, 0x00, 0x09, 0x68, 0x00, 0x50, 0x52, 0x2E, 0xB2, 0xF4, 0x00, 0x40,
    0x0F, 0x83, 0x23, 0x6A, 0x08, 0x0D, 0x1A, 0x00, 0x09, 0x28, 0x00, 0x50,
    0x92, 0x30, 0xB2, 0x61, 0x08, 0x0D, 0x1A, 0x00, 0x09, 0x68, 0x80, 0x50,
    0x0F, 0x84, 0x20, 0xAC, 0x00, 0x0D, 0xF6, 0xFF, 0xBF, 0x5F, 0x00, 0x18,
    0x7F, 0x80, 0x07, 0xFA, 0xFF, 0x4F, 0x2F, 0x00, 0x18, 0x0A, 0x00, 0x40,
    0x0F, 0x00, 0x0A, 0x20, 0x22, 0xB2, 0xA0, 0x00, 0x50, 0x30, 0x22, 0xB2,
    0x40, 0x00, 0x50, 0x05, 0x03, 0x40, 0x01, 0x00, 0x8B, 0xF8, 0x01, 0x0F,
    0x0F, 0xEF, 0x26, 0x05, 0x00, 0x22, 0x6A, 0x82, 0x93, 0x20, 0x22, 0xB2,
    0xA0, 0x00, 0x50, 0x41, 0x00, 0x8B, 0xF8, 0x01, 0x0F, 0x0F, 0xEF, 0x26,
    0x05, 0x00, 0x22, 0x6A, 0x82, 0x93, 0x0F, 0x00, 0x0A, 0x40, 0x80, 0x07,
    0x07, 0x00, 0x40, 0x0F, 0x38, 0x26, 0xAD, 0x00, 0x50, 0x1A, 0x04, 0x0D,
    0xAD, 0x00, 0x50, 0x2A, 0x04, 0x0D, 0xAD, 0x00, 0x50, 0x3A, 0x04, 0x0D,
    0x00, 0x80, 0x07, 0x05, 0x08, 0xA0, 0x4E, 0x01, 0x14, 0x00, 0x00, 0xEC,
    0x04, 0x81, 0xE8, 0x08, 0x08, 0xE9, 0x50, 0x80, 0xED, 0x4C, 0x00, 0x0D,
    0x01, 0x4C, 0x0F, 0x01, 0x3B, 0x0F, 0xF8, 0x00, 0x68, 0x44, 0x81, 0xE8,
    0x35, 0x00, 0x68, 0x44, 0x00, 0xED, 0x26, 0x00, 0x68, 0x6D, 0x09, 0xE9,
    0x4C, 0x80, 0xED, 0x2E, 0x81, 0x69, 0x01, 0x4C, 0x0F, 0x01, 0x3B, 0x0F,
    0xFC, 0x64, 0x6A, 0xA1, 0x24, 0x6B, 0xA9, 0x00, 0x78, 0x0F, 0x10, 0x27,
    0x20, 0xFE, 0x1B, 0x0F, 0x00, 0x0A, 0x06, 0x00, 0x09, 0x0F, 0x00, 0x0A,
    0x0F, 0x38, 0x26, 0xA4, 0x00, 0x60, 0x2A, 0x04, 0x0D, 0x09, 0x00, 0x09,
    0x47, 0x00, 0xA0, 0x00, 0x80, 0x07, 0x05, 0x08, 0xA0, 0xAE, 0x00, 0x14,
    0x10, 0x00, 0xEC, 0x1A, 0x81, 0xE8, 0x1A, 0x00, 0xE9, 0x1A, 0x00, 0xE9,
    0x38, 0x00, 0xE9, 0x3B, 0x00, 0x69, 0x0F, 0x4C, 0x0E, 0x0F, 0x3B, 0x0E,
    0xFB, 0x00, 0x68, 0xF1, 0x00, 0x68, 0xF7, 0xFF, 0xAF, 0x0B, 0x00, 0x09,
    0xA2, 0x01, 0x0D, 0xA5, 0x00, 0x68, 0x0F, 0x10, 0x27, 0xA5, 0xFE, 0x1B,
    0x0F, 0x00, 0x0A, 0x37, 0x00, 0xA0, 0x30, 0x0A, 0x0D, 0x0F, 0x38, 0x26,
    0xA4, 0x00, 0x60, 0x2A, 0x04, 0x0D, 0x0A, 0x00, 0x40, 0x61, 0x00, 0x50,
    0x00, 0x80, 0x07, 0x05, 0x08, 0xA0, 0x2E, 0x01, 0x14, 0x1A, 0xC2, 0xE8,
    0x1A, 0x40, 0xE9, 0x1A, 0x40, 0xE9, 0x38, 0x40, 0xE9, 0xAB, 0x40, 0x69,
    0xBC, 0x00, 0x0D, 0xCD, 0x00, 0x0D, 0x10, 0x00, 0xEC, 0x1A, 0x01, 0xE9,
    0x1A, 0x00, 0xE9, 0x1A, 0x00, 0xE9, 0x38, 0x00, 0xE9, 0x3B, 0x00, 0x69,
    0x61, 0x24, 0x11, 0x0F, 0x3B, 0x0E, 0xE9, 0x00, 0x68, 0xFB, 0x00, 0x68,
    0xF1, 0x00, 0x68, 0x03, 0x0A, 0x0D, 0xA2, 0x01, 0x0D, 0xA5, 0x00, 0x68,
    0x0F, 0x10, 0x27, 0x35, 0xFE, 0x1B, 0x0F, 0x00, 0x0A, 0x0F, 0xCC, 0x0E,
    0xA9, 0x00, 0x0D, 0x95, 0x6A, 0x2A, 0x62, 0x00, 0x18, 0x0F, 0x4C, 0x0E,
    0x0F, 0x3B, 0x0E, 0xEF, 0x6E, 0x22, 0xEA, 0x5F, 0x2A, 0x0F, 0x00, 0x0A,
    0xAA, 0x7C, 0x2A, 0x42, 0x00, 0x18, 0x80, 0x80, 0x07, 0x0A, 0x00, 0x40,
    0x0F, 0x00, 0x0A, 0x7F, 0x80, 0x07, 0xFA, 0xFF, 0x4F, 0x0F, 0x00, 0x0A,
    0x67, 0x82, 0x83, 0x00, 0x80, 0x07, 0x05, 0x08, 0xA0, 0x4E, 0x01, 0x14,
    0x7F, 0x80, 0x07, 0xF6, 0xFF, 0x4F, 0x59, 0x80, 0x60, 0xFF, 0x6C, 0x0F,
    0x48, 0xEE, 0x62, 0xEA, 0x8A, 0x68, 0x5E, 0x64, 0x2A, 0xA8, 0x6A, 0x6A,
    0xAC, 0x00, 0x68, 0xFC, 0x00, 0x60, 0x60, 0x00, 0x60, 0x0F, 0x87, 0x20,
    0x4C, 0x6C, 0x22, 0x4A, 0x6A, 0x22, 0xA1, 0x00, 0x68, 0x64, 0x00, 0x60,
    0x0F, 0x87, 0x20, 0x4C, 0x6C, 0x22, 0x4A, 0x6A, 0x22, 0xA5, 0x00, 0x68,
    0x0F, 0x00, 0x0A, 0x0A, 0x00, 0x40, 0xF0, 0x11, 0x8B, 0x1F, 0x80, 0x27,
    0x01, 0x38, 0x22, 0xAA, 0x81, 0x93, 0xAA, 0x81, 0x83, 0xB4, 0x81, 0x83,
    0x0F, 0xE2, 0x26, 0xF0, 0x00, 0x18, 0xBA, 0x81, 0x93, 0x0A, 0x70, 0x47,
    0x7A, 0x79, 0x93, 0x6A, 0x79, 0x93, 0x0A, 0x00, 0x40, 0x3A, 0x53, 0x93,
    0x0A, 0x84, 0x43, 0x4A, 0x53, 0x93, 0x0A, 0x70, 0x47, 0x2A, 0x4F, 0x93,
    0x3A, 0x4F, 0x93, 0x0A, 0x00, 0x40, 0x1A, 0x10, 0x9B, 0x6A, 0x53, 0x93,
    0x0A, 0x00, 0x40, 0xF0, 0x11, 0x8B, 0x5F, 0x80, 0x27, 0x01, 0x38, 0x22,
    0xCA, 0x81, 0x93, 0xCA, 0x81, 0x83, 0xD4, 0x81, 0x83, 0x0F, 0xE2, 0x26,
    0x00, 0x01, 0x18, 0xDA, 0x81, 0x93, 0x0A, 0xE0, 0x43, 0x5A, 0x79, 0x93,
    0x0A, 0xE0, 0x43, 0x8A, 0x79, 0x93, 0x04, 0x00, 0x40, 0x24, 0x53, 0x93,
    0x04, 0x90, 0x43, 0x54, 0x53, 0x93, 0x0A, 0xE0, 0x43, 0x4A, 0x4F, 0x93,
    0x5A, 0x4F, 0x93, 0x0A, 0x00, 0x40, 0x2A, 0x10, 0x9B, 0x7A, 0x53, 0x93,
    0x0F, 0x00, 0x0A,

    //start:0x008A71, len:321(words), 963(bytes)
    0x00, 0x80, 0x07, 0x0A, 0x5D, 0x43, 0x4A, 0x84, 0x93, 0x00, 0x80, 0x07,
    0x8A, 0x5D, 0x43, 0x5A, 0x84, 0x93, 0x0A, 0x00, 0x4B, 0x1A, 0x85, 0x93,
    0x3A, 0x85, 0x93, 0x4A, 0x85, 0x93, 0x0A, 0x30, 0x4B, 0x2A, 0x85, 0x93,
    0x0A, 0xC0, 0x40, 0x1A, 0x8C, 0x93, 0x2A, 0x8C, 0x93, 0x0F, 0x00, 0x0A,
    0x3A, 0x02, 0x8B, 0x01, 0x00, 0x40, 0xDF, 0x9A, 0x27, 0xE0, 0x00, 0x18,
    0x04, 0x00, 0x47, 0x0F, 0x82, 0x23, 0xF4, 0x0A, 0x0F, 0x14, 0x00, 0x40,
    0x0F, 0xE7, 0x26, 0x50, 0x00, 0x18, 0x24, 0x00, 0x40, 0x0F, 0xE7, 0x26,
    0x40, 0x00, 0x18, 0x4F, 0x00, 0x18, 0x11, 0x00, 0x40, 0x2F, 0x00, 0x18,
    0x21, 0x00, 0x40, 0x61, 0x84, 0x93, 0x7A, 0x84, 0x83, 0x41, 0xEA, 0x26,
    0xB0, 0x00, 0x18, 0x00, 0x00, 0x4B, 0x04, 0x30, 0x4B, 0x1F, 0x81, 0x27,
    0x30, 0x00, 0x18, 0x00, 0x00, 0x4C, 0x04, 0xFE, 0x4D, 0x10, 0x85, 0x93,
    0x30, 0x85, 0x93, 0x40, 0x85, 0x93, 0x24, 0x85, 0x93, 0x71, 0x84, 0x93,
    0x00, 0xC4, 0x07, 0x54, 0x85, 0x93, 0x1F, 0x81, 0x27, 0x40, 0x00, 0x18,
    0x00, 0xC4, 0x07, 0x55, 0x85, 0x93, 0x9F, 0x00, 0x18, 0x0A, 0x02, 0x8B,
    0xDF, 0x9A, 0x23, 0x61, 0x00, 0x18, 0x0B, 0x01, 0x8B, 0x9F, 0x93, 0x27,
    0x30, 0x00, 0x18, 0x00, 0xC4, 0x07, 0x55, 0x85, 0x93, 0x1F, 0x81, 0x27,
    0xC0, 0x00, 0x18, 0x21, 0x8C, 0x83, 0xDF, 0x0E, 0x1C, 0x4A, 0x6A, 0x22,
    0x20, 0x37, 0xB2, 0xA0, 0x00, 0x58, 0x11, 0x8C, 0x83, 0x8F, 0x0E, 0x1C,
    0x4A, 0x6A, 0x22, 0x10, 0x37, 0xB2, 0xA0, 0x00, 0x58, 0x7F, 0x01, 0x18,
    0x91, 0x35, 0xB2, 0x10, 0x37, 0xB2, 0x3A, 0x01, 0x8B, 0xC4, 0x00, 0x40,
    0x0F, 0x82, 0x23, 0xFE, 0x0A, 0x0F, 0x6F, 0x08, 0x0D, 0x16, 0x00, 0x09,
    0xF6, 0xFF, 0xBF, 0xA4, 0x00, 0x50, 0xA0, 0x00, 0x58, 0xD1, 0x35, 0xB2,
    0x20, 0x37, 0xB2, 0x3A, 0x01, 0x8B, 0x04, 0x03, 0x40, 0x0F, 0x82, 0x23,
    0xFC, 0x0A, 0x0F, 0x6F, 0x08, 0x0D, 0x16, 0x00, 0x09, 0xF6, 0xFF, 0xBF,
    0xA4, 0x00, 0x50, 0xA0, 0x00, 0x58, 0x91, 0x32, 0xB2, 0x00, 0x37, 0xB2,
    0x3A, 0x01, 0x8B, 0x04, 0x70, 0x40, 0x0F, 0x82, 0x23, 0xF8, 0x0A, 0x0F,
    0x6F, 0x08, 0x0D, 0x16, 0x00, 0x09, 0xF6, 0xFF, 0xBF, 0xA4, 0x00, 0x50,
    0xA0, 0x00, 0x58, 0x3A, 0x01, 0x8B, 0x04, 0x0C, 0x40, 0x0F, 0x82, 0x23,
    0xFA, 0x0A, 0x0F, 0x56, 0x00, 0x40, 0x00, 0x30, 0x0C, 0x0F, 0xE7, 0x20,
    0x00, 0x20, 0x0C, 0x6B, 0x08, 0x0D, 0xF1, 0x17, 0xB2, 0xC0, 0x34, 0xB2,
    0x16, 0x00, 0x09, 0xF6, 0xFF, 0xBF, 0x00, 0x80, 0x07, 0x55, 0x00, 0xA0,
    0x2E, 0x00, 0x14, 0xA5, 0x00, 0x50, 0xA1, 0x00, 0x58, 0x0F, 0x00, 0x0A,
    0x5A, 0x85, 0x83, 0x0F, 0x7A, 0x26, 0x00, 0x00, 0x0A, 0xBF, 0x01, 0x1C,
    0x0A, 0x20, 0x40, 0x0A, 0x48, 0x93, 0x0A, 0x28, 0x40, 0x1A, 0x48, 0x93,
    0x0A, 0x40, 0x40, 0x6A, 0x85, 0x93, 0x00, 0x80, 0x07, 0x05, 0x08, 0xA0,
    0xFE, 0x00, 0x14, 0x00, 0x48, 0x33, 0x00, 0x00, 0x60, 0x10, 0x68, 0x93,
    0x10, 0x48, 0x33, 0x00, 0x00, 0x60, 0x20, 0x68, 0x93, 0xAF, 0x01, 0x1C,
    0x00, 0x48, 0x33, 0x10, 0x68, 0x83, 0x01, 0x00, 0x68, 0x08, 0x48, 0x33,
    0x10, 0x48, 0x33, 0x20, 0x68, 0x83, 0x01, 0x00, 0x68, 0x18, 0x48, 0x33,
    0x2F, 0x05, 0x1C, 0x0F, 0x00, 0x0A, 0x00, 0x20, 0xA0, 0x01, 0x28, 0xA0,
    0x60, 0x80, 0x07, 0x00, 0x00, 0x40, 0x0F, 0x38, 0x23, 0x6A, 0x00, 0x0D,
    0x70, 0x00, 0x0D, 0x00, 0x80, 0x07, 0x05, 0x08, 0xA0, 0x4E, 0x00, 0x14,
    0x20, 0x00, 0x60, 0x34, 0x80, 0x60, 0xC1, 0x89, 0x68, 0xC5, 0x00, 0x68,
    0x0F, 0x00, 0x0A, 0x50, 0x7E, 0xA3, 0x61, 0x7E, 0xA3, 0x72, 0x7E, 0xA3,
    0x83, 0x7E, 0xA3, 0x11, 0x35, 0xB2, 0x52, 0x35, 0xB2, 0x3A, 0x01, 0x8B,
    0x34, 0x00, 0x40, 0x0F, 0x82, 0x23, 0x6A, 0x08, 0x0D, 0x16, 0x00, 0x09,
    0x1A, 0x00, 0x09, 0xF6, 0xFF, 0xBF, 0x10, 0x68, 0x83, 0x24, 0x68, 0x83,
    0x54, 0xE0, 0x62, 0xEA, 0xEA, 0x2A, 0x64, 0x00, 0x50, 0x50, 0x82, 0x60,
    0xE0, 0x00, 0x68, 0x58, 0x6C, 0x62, 0xEA, 0xEA, 0x2A, 0x54, 0x00, 0x60,
    0x78, 0x82, 0x50, 0x5C, 0x6C, 0x62, 0xE4, 0x00, 0x68, 0xEA, 0xEA, 0x2A,
    0x58, 0x8A, 0x60, 0xE8, 0x00, 0x68, 0x5E, 0x6C, 0x2A, 0xAC, 0x6A, 0x6A,
    0x40, 0x80, 0x07, 0x06, 0x00, 0x40, 0x50, 0x82, 0x28, 0x01, 0x37, 0xB2,
    0x09, 0x00, 0xB0, 0x64, 0x00, 0x50, 0x0F, 0x84, 0x20, 0x67, 0x85, 0x33,
    0x1C, 0x6C, 0x2A, 0x5D, 0x00, 0x70, 0x20, 0x6A, 0x2A, 0x1A, 0x68, 0x93,
    0x0F, 0x21, 0x23, 0x5E, 0x00, 0x70, 0x34, 0x6A, 0x2A, 0x2A, 0x68, 0x93,
    0x11, 0x37, 0xB2, 0x09, 0x00, 0xB0, 0x22, 0x37, 0xB2, 0x0A, 0x00, 0xB0,
    0x64, 0x00, 0x50, 0x78, 0x00, 0x50, 0x0F, 0x80, 0x20, 0x2C, 0x00, 0x70,
    0x0F, 0x08, 0x21, 0x00, 0x00, 0x05, 0xCD, 0x00, 0x78, 0x0F, 0x81, 0x20,
    0x3C, 0x00, 0x70, 0x0F, 0x09, 0x21, 0x00, 0x00, 0x05, 0xCD, 0x00, 0x78,
    0x6F, 0x85, 0x33, 0x0F, 0x00, 0x0A, 0x8A, 0x00, 0xA0, 0x26, 0x00, 0xA0,
    0xC7, 0xFF, 0xBF, 0x00, 0x20, 0xA0, 0x41, 0x84, 0xA3, 0xC0, 0x34, 0xB2,
    0x19, 0x00, 0x40, 0xFF, 0xE8, 0x1F, 0x0A, 0x00, 0xA0, 0x09, 0x00, 0x40,
    0x08, 0x00, 0x40, 0xF6, 0xFF, 0xAF, 0xE7, 0xFF, 0xAF, 0xE7, 0xFF, 0xBF,
    0x0F, 0x00, 0x0A, 0x5A, 0x85, 0x83, 0xAA, 0x7A, 0x2A, 0x00, 0x00, 0x0A,
    0x2A, 0x08, 0x8A, 0x5F, 0x8A, 0x27, 0xE1, 0xFF, 0x1B, 0x31, 0x85, 0x83,
    0x05, 0x03, 0x40, 0x31, 0x08, 0x9A, 0x0A, 0x40, 0x48, 0x4A, 0x08, 0x9A,
    0x55, 0x08, 0x9A, 0xEA, 0x02, 0x40, 0x2A, 0x08, 0x9A, 0x10, 0x85, 0x83,
    0x24, 0x85, 0x83, 0x0F, 0x69, 0x22, 0x0F, 0xE2, 0x26, 0x05, 0x78, 0x22,
    0x3A, 0x85, 0x93, 0x0F, 0x00, 0x0A, 0x5A, 0x85, 0x83, 0x0F, 0x7A, 0x26,
    0x00, 0x00, 0x0A, 0x2A, 0x08, 0x8A, 0x5F, 0x8A, 0x27, 0xE1, 0xFF, 0x1B,
    0x0F, 0x00, 0x0A, 0x5A, 0x85, 0x83, 0x0F, 0x7A, 0x26, 0x00, 0x00, 0x0A,
    0x2A, 0x08, 0x8A, 0x5F, 0x8A, 0x27, 0xE1, 0xFF, 0x1B, 0x41, 0x85, 0x83,
    0x05, 0x03, 0x40, 0x31, 0x08, 0x9A, 0x01, 0x80, 0x07, 0x0A, 0x40, 0x48,
    0x4A, 0x08, 0x9A, 0x55, 0x08, 0x9A, 0xEA, 0x02, 0x40, 0x2A, 0x08, 0x9A,
    0x10, 0x85, 0x83, 0x24, 0x85, 0x83, 0x0F, 0x69, 0x22, 0x0F, 0xE2, 0x26,
    0x05, 0x78, 0x22, 0x4A, 0x85, 0x93, 0x0F, 0x00, 0x0A, 0xF8, 0x01, 0x0F,
    0xBF, 0x00, 0x0D, 0xF4, 0x07, 0x40, 0x0F, 0x83, 0x23, 0xC4, 0x00, 0x40,
    0xAA, 0xE2, 0x2A, 0x65, 0x00, 0x18, 0xF8, 0x01, 0x0F, 0xDF, 0x8F, 0x27,
    0xCB, 0x00, 0x40, 0x0F, 0xB3, 0x23, 0xBA, 0x00, 0x0D, 0x10, 0x01, 0x0F,
    0xEB, 0x0F, 0x0F, 0x02, 0x80, 0x07, 0xCF, 0x97, 0x1C, 0x0F, 0x00, 0x0A,
    0x0F, 0x00, 0x0A,

    //start:0x008BB2, len:307(words), 921(bytes)
    0x7F, 0x80, 0x07, 0xFA, 0xFF, 0x4F, 0x4A, 0x73, 0x93, 0x8A, 0x73, 0x93,
    0x7F, 0x80, 0x07, 0xFA, 0xFF, 0x4F, 0x5A, 0x73, 0x93, 0x6A, 0x73, 0x93,
    0x0A, 0x00, 0x40, 0x9A, 0x73, 0x93, 0x0A, 0x58, 0x42, 0xAA, 0x73, 0x93,
    0x50, 0x73, 0x83, 0x44, 0x73, 0x83, 0x0F, 0xE0, 0x22, 0x7A, 0x73, 0x93,
    0x00, 0x80, 0x07, 0xFA, 0xCD, 0x48, 0xBA, 0x73, 0x93, 0x7F, 0x80, 0x07,
    0xFA, 0xFF, 0x4F, 0xCA, 0x73, 0x93, 0x0A, 0x74, 0x93, 0x7F, 0x80, 0x07,
    0xFA, 0xFF, 0x4F, 0xDA, 0x73, 0x93, 0xEA, 0x73, 0x93, 0x0A, 0x00, 0x40,
    0x1A, 0x74, 0x93, 0x0A, 0x58, 0x42, 0x2A, 0x74, 0x93, 0xD0, 0x73, 0x83,
    0xC4, 0x73, 0x83, 0x0F, 0xE0, 0x22, 0xFA, 0x73, 0x93, 0x00, 0x80, 0x07,
    0xFA, 0xCD, 0x48, 0x3A, 0x74, 0x93, 0x7F, 0x80, 0x07, 0xFA, 0xFF, 0x4F,
    0x7A, 0x85, 0x93, 0x00, 0x80, 0x07, 0x7A, 0x85, 0x43, 0x4A, 0x78, 0x93,
    0x5A, 0x78, 0x93, 0x6A, 0x78, 0x93, 0x7A, 0x78, 0x93, 0x8A, 0x78, 0x93,
    0x0F, 0x00, 0x0A, 0x91, 0x21, 0xB2, 0xA5, 0x00, 0x50, 0x5A, 0x73, 0x93,
    0xD1, 0x21, 0xB2, 0xA5, 0x00, 0x50, 0xDA, 0x73, 0x93, 0x0F, 0x00, 0x0A,
    0x04, 0x00, 0xA0, 0x15, 0x00, 0xA0, 0x15, 0x00, 0xB0, 0x34, 0x00, 0x40,
    0x00, 0x80, 0x07, 0x55, 0x00, 0xA0, 0x41, 0x78, 0xA3, 0x11, 0x22, 0xB2,
    0xF5, 0x00, 0x50, 0x4E, 0x01, 0x14, 0x0F, 0x00, 0x0D, 0x0F, 0x80, 0x23,
    0x0F, 0x7A, 0x26, 0x51, 0x00, 0x18, 0x00, 0x80, 0x07, 0x7A, 0x85, 0x43,
    0xA5, 0x00, 0x68, 0xCF, 0x00, 0x18, 0xCF, 0x0A, 0x27, 0x51, 0x00, 0x18,
    0x00, 0x80, 0x07, 0x8A, 0x73, 0x43, 0xA5, 0x00, 0x68, 0x6F, 0x00, 0x18,
    0x5F, 0xE2, 0x26, 0x41, 0x00, 0x18, 0x00, 0x80, 0x07, 0x0A, 0x74, 0x43,
    0xA5, 0x00, 0x68, 0xFC, 0x00, 0x0F, 0x0F, 0x00, 0x0A, 0x41, 0x78, 0x33,
    0x64, 0x00, 0x60, 0xF1, 0x68, 0xA3, 0x25, 0x00, 0x60, 0x26, 0x80, 0x60,
    0xC5, 0x80, 0x68, 0xC5, 0x00, 0x68, 0x51, 0x78, 0x33, 0x64, 0x00, 0x60,
    0x11, 0x69, 0xA3, 0x25, 0x00, 0x60, 0x26, 0x80, 0x60, 0xC5, 0x80, 0x68,
    0xC5, 0x00, 0x68, 0x61, 0x78, 0x33, 0x64, 0x00, 0x60, 0x81, 0xB3, 0xA3,
    0x25, 0x00, 0x60, 0x26, 0x80, 0x60, 0xC5, 0x80, 0x68, 0xC5, 0x00, 0x68,
    0x71, 0x78, 0x33, 0x64, 0x00, 0x60, 0xD1, 0x68, 0xA3, 0x25, 0x00, 0x60,
    0x26, 0x80, 0x60, 0xC5, 0x80, 0x68, 0xC5, 0x00, 0x68, 0x0F, 0x00, 0x0A,
    0x81, 0x78, 0x33, 0x64, 0x00, 0x60, 0x01, 0xB2, 0xA3, 0x25, 0x00, 0x60,
    0x26, 0x80, 0x60, 0xC5, 0x80, 0x68, 0xC5, 0x00, 0x68, 0x25, 0x00, 0x60,
    0x26, 0x80, 0x60, 0xC5, 0x80, 0x68, 0xC5, 0x00, 0x68, 0x25, 0x00, 0x60,
    0x26, 0x80, 0x60, 0xC5, 0x80, 0x68, 0xC5, 0x00, 0x68, 0x0F, 0x00, 0x0A,
    0x15, 0x00, 0xB0, 0x41, 0x73, 0x83, 0x9A, 0x73, 0x83, 0xA0, 0x73, 0x83,
    0x40, 0xEA, 0x26, 0xD2, 0x00, 0x18, 0xB1, 0x73, 0xB3, 0x45, 0x00, 0x70,
    0x14, 0x08, 0x0D, 0x5F, 0x00, 0x0B, 0x76, 0x73, 0x83, 0x0F, 0x82, 0x20,
    0x4C, 0x61, 0x22, 0x8A, 0x73, 0x93, 0x9A, 0x73, 0x83, 0xCF, 0x2A, 0x22,
    0x9A, 0x73, 0x93, 0x3F, 0x00, 0x18, 0x6A, 0x73, 0x83, 0x8A, 0x73, 0x93,
    0x5A, 0x73, 0x83, 0x64, 0x73, 0x83, 0x0F, 0xE2, 0x26, 0x00, 0x02, 0x18,
    0x6A, 0x73, 0x93, 0x0A, 0x00, 0x40, 0x9A, 0x73, 0x93, 0x84, 0x73, 0x83,
    0x44, 0x73, 0x93, 0x50, 0x73, 0x83, 0x0F, 0xE0, 0x22, 0x7A, 0x73, 0x93,
    0xA1, 0x21, 0xB2, 0xA5, 0x00, 0x50, 0xAA, 0x73, 0x93, 0xB1, 0x21, 0xB2,
    0xA5, 0x00, 0x50, 0x0F, 0x7A, 0x26, 0x41, 0x00, 0x18, 0x00, 0x80, 0x07,
    0xFA, 0xCD, 0x48, 0xDF, 0x00, 0x18, 0xCF, 0x0A, 0x27, 0x41, 0x00, 0x18,
    0x00, 0x80, 0x07, 0x6A, 0xCC, 0x48, 0x8F, 0x00, 0x18, 0x5F, 0xE2, 0x26,
    0x41, 0x00, 0x18, 0x00, 0x80, 0x07, 0x1A, 0xCD, 0x48, 0x3F, 0x00, 0x18,
    0x00, 0x80, 0x07, 0xCA, 0xCA, 0x48, 0xBA, 0x73, 0x93, 0x86, 0x73, 0x83,
    0xC1, 0x21, 0xB2, 0x65, 0x00, 0x58, 0x0F, 0x00, 0x0A, 0x15, 0x00, 0xB0,
    0xC1, 0x73, 0x83, 0x1A, 0x74, 0x83, 0x20, 0x74, 0x83, 0x40, 0xEA, 0x26,
    0xD2, 0x00, 0x18, 0x31, 0x74, 0xB3, 0x45, 0x00, 0x70, 0x14, 0x08, 0x0D,
    0x5F, 0x00, 0x0B, 0xF6, 0x73, 0x83, 0x0F, 0x82, 0x20, 0x4C, 0x61, 0x22,
    0x0A, 0x74, 0x93, 0x1A, 0x74, 0x83, 0xCF, 0x2A, 0x22, 0x1A, 0x74, 0x93,
    0x3F, 0x00, 0x18, 0xEA, 0x73, 0x83, 0x0A, 0x74, 0x93, 0xDA, 0x73, 0x83,
    0xE4, 0x73, 0x83, 0x0F, 0xE2, 0x26, 0x00, 0x02, 0x18, 0xEA, 0x73, 0x93,
    0x0A, 0x00, 0x40, 0x1A, 0x74, 0x93, 0x04, 0x74, 0x83, 0xC4, 0x73, 0x93,
    0xD0, 0x73, 0x83, 0x0F, 0xE0, 0x22, 0xFA, 0x73, 0x93, 0xE1, 0x21, 0xB2,
    0xA5, 0x00, 0x50, 0x2A, 0x74, 0x93, 0xF1, 0x21, 0xB2, 0xA5, 0x00, 0x50,
    0x0F, 0x7A, 0x26, 0x41, 0x00, 0x18, 0x00, 0x80, 0x07, 0xFA, 0xCD, 0x48,
    0xDF, 0x00, 0x18, 0xCF, 0x0A, 0x27, 0x41, 0x00, 0x18, 0x00, 0x80, 0x07,
    0x6A, 0xCC, 0x48, 0x8F, 0x00, 0x18, 0x5F, 0xE2, 0x26, 0x41, 0x00, 0x18,
    0x00, 0x80, 0x07, 0x1A, 0xCD, 0x48, 0x3F, 0x00, 0x18, 0x00, 0x80, 0x07,
    0xCA, 0xCA, 0x48, 0x3A, 0x74, 0x93, 0x06, 0x74, 0x83, 0x01, 0x22, 0xB2,
    0x65, 0x00, 0x58, 0x0F, 0x00, 0x0A, 0x44, 0x01, 0x0D, 0x5A, 0x00, 0x0D,
    0x00, 0x80, 0x07, 0xBF, 0x1C, 0x1C, 0xA4, 0x00, 0x0D, 0x40, 0x80, 0x07,
    0x04, 0x00, 0x40, 0x0F, 0xE2, 0x26, 0x85, 0x00, 0x18, 0x6A, 0x00, 0x0D,
    0x0F, 0x82, 0x20, 0xAC, 0x00, 0x0D, 0x0F, 0x82, 0x20, 0x02, 0x4C, 0x0F,
    0xAF, 0x00, 0x0D, 0x0F, 0x00, 0x0A, 0x7F, 0x80, 0x07, 0xF0, 0xFF, 0x4F,
    0x40, 0xEA, 0x22, 0x6A, 0x00, 0x0D, 0x0F, 0x82, 0x20, 0xAC, 0x00, 0x0D,
    0x0F, 0x82, 0x20, 0x02, 0x4C, 0x0F, 0x40, 0x6F, 0x22, 0x0F, 0x00, 0x0A,
    0x44, 0x01, 0x0D, 0x5A, 0x00, 0x0D, 0x00, 0x80, 0x07, 0xBF, 0x1C, 0x1C,
    0xA4, 0x00, 0x0D, 0x6A, 0x00, 0x0D, 0x0F, 0x82, 0x20, 0xAC, 0x00, 0x0D,
    0x0F, 0x82, 0x20, 0xAC, 0x00, 0x0D, 0x0F, 0x00, 0x0A, 0x44, 0x01, 0x0D,
    0x5A, 0x00, 0x0D, 0x00, 0x80, 0x07, 0xBF, 0x1C, 0x1C, 0xA4, 0x00, 0x0D,
    0x7F, 0x80, 0x07, 0xF0, 0xFF, 0x4F, 0x40, 0xEA, 0x22, 0x6A, 0x00, 0x0D,
    0x0F, 0x82, 0x20, 0xAC, 0x00, 0x0D, 0x0F, 0x82, 0x20, 0x40, 0x6C, 0x22,
    0x0F, 0x00, 0x0A, 0x44, 0x01, 0x0D, 0x5A, 0x00, 0x0D, 0x00, 0x80, 0x07,
    0xBF, 0x1C, 0x1C, 0xA4, 0x00, 0x0D, 0x0F, 0x00, 0x0A,

    //start:0x008CE5, len:221(words), 663(bytes)
    0x2A, 0x00, 0x40, 0x9A, 0x65, 0x93, 0x0A, 0x00, 0x40, 0x8A, 0x65, 0x93,
    0x1A, 0x66, 0x93, 0x4A, 0x66, 0x93, 0x7A, 0x66, 0x93, 0x0A, 0x7F, 0x93,
    0x7A, 0x04, 0x8B, 0x7A, 0x67, 0x93, 0x00, 0x80, 0x07, 0x0A, 0x28, 0x43,
    0x2A, 0x66, 0x93, 0x3A, 0x66, 0x93, 0x00, 0x80, 0x07, 0x0A, 0x30, 0x43,
    0x5A, 0x66, 0x93, 0x6A, 0x66, 0x93, 0x0A, 0x00, 0x40, 0x8A, 0x66, 0x93,
    0x9A, 0x66, 0x93, 0x1F, 0x02, 0x1C, 0x4F, 0x00, 0x1C, 0xEF, 0x00, 0x1C,
    0x02, 0x80, 0x07, 0x7F, 0xD2, 0x18, 0x3A, 0x82, 0x83, 0xCF, 0x2A, 0x22,
    0x3A, 0x82, 0x93, 0x00, 0x80, 0x07, 0x0A, 0x38, 0x43, 0x1A, 0x82, 0x93,
    0x9F, 0x62, 0x22, 0x0A, 0x82, 0x93, 0x4A, 0x00, 0x40, 0x2A, 0x82, 0x93,
    0x0F, 0x00, 0x0A, 0x00, 0x80, 0x07, 0x0A, 0x00, 0x43, 0x0A, 0x6E, 0x93,
    0x1A, 0x6E, 0x93, 0x0A, 0x00, 0x40, 0xFA, 0x6D, 0x93, 0x2A, 0x6E, 0x93,
    0x3A, 0x6E, 0x93, 0x4A, 0x6E, 0x93, 0xAA, 0x6E, 0x93, 0xBA, 0x6E, 0x93,
    0x6A, 0x40, 0x9B, 0x9A, 0x79, 0x93, 0xAA, 0x79, 0x93, 0xBA, 0x79, 0x93,
    0xCA, 0x79, 0x93, 0x0F, 0x00, 0x0A, 0x1A, 0x83, 0x83, 0xCF, 0x2A, 0x22,
    0x1A, 0x83, 0x93, 0x00, 0x80, 0x07, 0x8A, 0x39, 0x43, 0xEA, 0x82, 0x93,
    0x00, 0x80, 0x07, 0xCA, 0x39, 0x43, 0xFA, 0x82, 0x93, 0x4A, 0x00, 0x40,
    0x0A, 0x83, 0x93, 0x0F, 0x00, 0x0A, 0x0F, 0x98, 0x20, 0x00, 0x80, 0x07,
    0x0A, 0x20, 0x43, 0xEA, 0x65, 0x93, 0xFA, 0x65, 0x93, 0x0A, 0x00, 0x40,
    0xEA, 0x66, 0x93, 0x0A, 0x00, 0x40, 0xDA, 0x65, 0x93, 0x0A, 0x66, 0x93,
    0xCA, 0x66, 0x93, 0x0F, 0x00, 0x0A, 0x5A, 0x67, 0x83, 0xF4, 0x0A, 0x0F,
    0xF4, 0x00, 0x40, 0x0F, 0x87, 0x23, 0x9F, 0xE2, 0x22, 0x70, 0x00, 0x18,
    0xCF, 0x0A, 0x23, 0x80, 0x00, 0x18, 0x1F, 0x00, 0x18, 0x0E, 0x00, 0x40,
    0x4F, 0x19, 0x41, 0x7F, 0x00, 0x18, 0xDE, 0x58, 0x4F, 0x1F, 0x32, 0x41,
    0x4F, 0x00, 0x18, 0x0E, 0x00, 0x40, 0xEF, 0xA5, 0x41, 0x1F, 0x00, 0x18,
    0xEE, 0x01, 0x9A, 0xFF, 0x01, 0x9A, 0xAA, 0x6E, 0x83, 0xAA, 0x7A, 0x2A,
    0x01, 0x00, 0x0A, 0xCE, 0x01, 0x9A, 0xDF, 0x01, 0x9A, 0x0A, 0x00, 0x40,
    0xBA, 0x6E, 0x93, 0x0F, 0x00, 0x0A, 0x0A, 0x00, 0x40, 0xAA, 0x6E, 0x93,
    0x7A, 0x04, 0x8B, 0xDF, 0x92, 0x27, 0x00, 0x00, 0x0A, 0x7A, 0x6E, 0x83,
    0xF8, 0x0A, 0x0F, 0xF4, 0x00, 0x40, 0x0F, 0x87, 0x23, 0xC4, 0x00, 0x40,
    0x0F, 0xE2, 0x26, 0x50, 0x00, 0x18, 0xD4, 0x00, 0x40, 0x0F, 0xE2, 0x26,
    0x50, 0x00, 0x18, 0x0F, 0x00, 0x0A, 0x0E, 0x00, 0x40, 0x5F, 0x46, 0x40,
    0x4F, 0x00, 0x18, 0x3E, 0xD6, 0x47, 0x8F, 0x4C, 0x40, 0x1F, 0x00, 0x18,
    0xCE, 0x01, 0x9A, 0xDF, 0x01, 0x9A, 0x1A, 0x00, 0x40, 0xAA, 0x6E, 0x93,
    0xBA, 0x6E, 0x93, 0x0F, 0x00, 0x0A, 0x5A, 0x67, 0x83, 0x6F, 0x82, 0x27,
    0xA0, 0xFB, 0x1B, 0xDA, 0x65, 0x83, 0x5F, 0xE2, 0x22, 0x74, 0x00, 0x18,
    0xDA, 0x65, 0x93, 0xE5, 0x65, 0x33, 0x15, 0x00, 0x09, 0x15, 0x00, 0x09,
    0xED, 0x65, 0x33, 0x0F, 0x00, 0x0A, 0x05, 0x60, 0x43, 0xD0, 0x66, 0x83,
    0xE4, 0x66, 0x83, 0x14, 0xE0, 0x2A, 0x04, 0x6A, 0x22, 0xCA, 0x66, 0x93,
    0x9F, 0xE2, 0x26, 0x04, 0x00, 0x0A, 0x00, 0x00, 0x40, 0x05, 0x60, 0x43,
    0x9F, 0x61, 0x22, 0x0F, 0xEA, 0x26, 0x05, 0x78, 0x22, 0xEA, 0x66, 0x93,
    0xE5, 0x65, 0x33, 0x15, 0x00, 0x09, 0x15, 0x00, 0x09, 0xED, 0x65, 0x33,
    0xEA, 0x01, 0x40, 0xDA, 0x65, 0x93, 0xF5, 0x65, 0x33, 0x05, 0x02, 0xB0,
    0x15, 0x00, 0x09, 0xFD, 0x65, 0x33, 0x15, 0x00, 0xB0, 0x0F, 0x00, 0x0A,
    0x81, 0x65, 0x83, 0x7A, 0x66, 0x83, 0x03, 0x0A, 0x0F, 0x14, 0x66, 0x83,
    0x0F, 0x67, 0x22, 0x44, 0x66, 0x83, 0x0F, 0x62, 0x22, 0x12, 0x81, 0x83,
    0x16, 0x72, 0x83, 0xF6, 0x80, 0x28, 0x4B, 0xEA, 0x22, 0x0A, 0xE2, 0x2B,
    0x03, 0x0F, 0x0F, 0x4F, 0xEA, 0x26, 0x94, 0x00, 0x18, 0x0F, 0x78, 0x26,
    0x45, 0x00, 0x18, 0xFF, 0x89, 0x23, 0x5F, 0xAA, 0x23, 0x6F, 0x00, 0x18,
    0xDF, 0xA9, 0x23, 0x7F, 0x8A, 0x23, 0x3F, 0x00, 0x18, 0xFF, 0x89, 0x23,
    0x7F, 0x8A, 0x23, 0x8A, 0x65, 0x93, 0x0F, 0x00, 0x0A, 0xC0, 0x41, 0x8B,
    0x34, 0x00, 0x40, 0x0F, 0x80, 0x23, 0x60, 0x00, 0x18, 0xCF, 0x0A, 0x27,
    0xA0, 0x00, 0x18, 0x5F, 0xE2, 0x26, 0x50, 0x00, 0x18, 0xAF, 0x00, 0x18,
    0x7F, 0x80, 0x07, 0xF6, 0xFF, 0x4F, 0x9F, 0x00, 0x18, 0x32, 0x80, 0x07,
    0xD6, 0x52, 0x4F, 0x6F, 0x00, 0x18, 0x39, 0x80, 0x07, 0xD6, 0xCE, 0x42,
    0x3F, 0x00, 0x18, 0x24, 0x80, 0x07, 0x66, 0x34, 0x41, 0x86, 0x67, 0x93,
    0x0F, 0x00, 0x0A,

    //start:0x008DC2, len:217(words), 651(bytes)
    0x71, 0x80, 0xA3, 0x00, 0x80, 0x07, 0x25, 0x00, 0xA0, 0x3E, 0x00, 0x14,
    0x20, 0x80, 0x07, 0x5A, 0x6E, 0x42, 0xA5, 0x00, 0x68, 0x9A, 0x80, 0x93,
    0xA1, 0x80, 0xA3, 0x00, 0x80, 0x07, 0x25, 0x00, 0xA0, 0x3E, 0x00, 0x14,
    0x20, 0x80, 0x07, 0x5A, 0x6E, 0x42, 0xA5, 0x00, 0x68, 0xCA, 0x80, 0x93,
    0x00, 0x80, 0x07, 0x0A, 0x3B, 0x43, 0xEA, 0x83, 0x93, 0x00, 0x80, 0x07,
    0x8A, 0x3B, 0x43, 0xFA, 0x83, 0x93, 0x00, 0x80, 0x07, 0x8A, 0x4F, 0x43,
    0x0A, 0x84, 0x93, 0x00, 0x80, 0x07, 0x8A, 0x53, 0x43, 0x1A, 0x84, 0x93,
    0x0F, 0x00, 0x0A, 0x21, 0x14, 0xB2, 0xA4, 0x00, 0x50, 0x0F, 0x7A, 0x26,
    0xF1, 0x03, 0x18, 0xAA, 0x00, 0x8B, 0x10, 0x0A, 0x0F, 0xF0, 0x0F, 0x0F,
    0xC4, 0x83, 0x83, 0xAA, 0xE7, 0x2A, 0x50, 0x00, 0x18, 0xCF, 0x83, 0x93,
    0xC0, 0x83, 0xA3, 0x91, 0x80, 0xA3, 0x6F, 0x09, 0x1C, 0x70, 0x80, 0x83,
    0x94, 0x80, 0x83, 0x0F, 0xE0, 0x22, 0x44, 0x00, 0x18, 0x92, 0x00, 0x18,
    0xA0, 0x00, 0x0D, 0xCF, 0x00, 0x18, 0xDF, 0x7A, 0x26, 0x33, 0x00, 0x18,
    0x5F, 0x78, 0x22, 0x8F, 0x00, 0x18, 0xDF, 0x78, 0x22, 0x6F, 0x00, 0x18,
    0xDF, 0xFA, 0x26, 0x35, 0x00, 0x18, 0x5F, 0xF8, 0x22, 0x2F, 0x00, 0x18,
    0xDF, 0xF8, 0x22, 0x7A, 0x80, 0x93, 0xBA, 0x00, 0x8B, 0x10, 0x0A, 0x0F,
    0xF0, 0x0F, 0x0F, 0xD4, 0x83, 0x83, 0xAA, 0xE7, 0x2A, 0x50, 0x00, 0x18,
    0xDF, 0x83, 0x93, 0xD0, 0x83, 0xA3, 0xC1, 0x80, 0xA3, 0x9F, 0x07, 0x1C,
    0xB0, 0x80, 0x83, 0xC4, 0x80, 0x83, 0x0F, 0xE0, 0x22, 0x44, 0x00, 0x18,
    0x92, 0x00, 0x18, 0xA0, 0x00, 0x0D, 0xCF, 0x00, 0x18, 0xDF, 0x7A, 0x26,
    0x33, 0x00, 0x18, 0x5F, 0x78, 0x22, 0x8F, 0x00, 0x18, 0xDF, 0x78, 0x22,
    0x6F, 0x00, 0x18, 0xDF, 0xFA, 0x26, 0x35, 0x00, 0x18, 0x5F, 0xF8, 0x22,
    0x2F, 0x00, 0x18, 0xDF, 0xF8, 0x22, 0xBA, 0x80, 0x93, 0x7A, 0x07, 0x8B,
    0x7F, 0x82, 0x23, 0x7A, 0x07, 0x9B, 0x0F, 0x00, 0x0A, 0x31, 0x14, 0xB2,
    0xD0, 0x33, 0xB2, 0x00, 0x80, 0x07, 0x55, 0x00, 0xA0, 0x2E, 0x00, 0x14,
    0xA5, 0x00, 0x50, 0xA1, 0x00, 0x58, 0x81, 0x14, 0xB2, 0xC0, 0x37, 0xB2,
    0xA5, 0x00, 0x50, 0xA1, 0x00, 0x58, 0x91, 0x14, 0xB2, 0x20, 0x34, 0xB2,
    0x00, 0x80, 0x07, 0x55, 0x00, 0xA0, 0x2E, 0x00, 0x14, 0xA5, 0x00, 0x50,
    0xA1, 0x00, 0x58, 0xE1, 0x14, 0xB2, 0xD0, 0x37, 0xB2, 0xA5, 0x00, 0x50,
    0xA1, 0x00, 0x58, 0x7A, 0x07, 0x8B, 0x5F, 0xA2, 0x23, 0x7A, 0x07, 0x9B,
    0x0F, 0x00, 0x0A, 0x21, 0x14, 0xB2, 0xA4, 0x00, 0x50, 0x0F, 0x7A, 0x26,
    0x31, 0x00, 0x18, 0x8F, 0x01, 0x1C, 0x0F, 0x00, 0x0A, 0x8A, 0x00, 0xA0,
    0x26, 0x00, 0xA0, 0xC7, 0xFF, 0xBF, 0x00, 0x20, 0xA0, 0xE1, 0x83, 0xA3,
    0xD0, 0x33, 0xB2, 0xC1, 0x37, 0xB2, 0x94, 0x00, 0x50, 0xCF, 0xBA, 0x1F,
    0x00, 0x20, 0xA0, 0x01, 0x84, 0xA3, 0x20, 0x34, 0xB2, 0xD1, 0x37, 0xB2,
    0x94, 0x00, 0x50, 0x6F, 0xBA, 0x1F, 0x0A, 0x00, 0xA0, 0x09, 0x00, 0x40,
    0x08, 0x00, 0x40, 0xF6, 0xFF, 0xAF, 0xE7, 0xFF, 0xAF, 0xE7, 0xFF, 0xBF,
    0x0F, 0x00, 0x0A, 0x03, 0x21, 0xB2, 0x00, 0x20, 0xA0, 0x02, 0x60, 0xB0,
    0x70, 0x36, 0xB2, 0x81, 0x36, 0xB2, 0x02, 0x80, 0x07, 0x7F, 0x9B, 0x1C,
    0x00, 0x20, 0xA0, 0x01, 0x60, 0xA0, 0x73, 0x80, 0xA3, 0x6D, 0x00, 0x60,
    0x7C, 0x00, 0x60, 0x00, 0x80, 0x07, 0x05, 0x10, 0xA0, 0x6E, 0x00, 0x14,
    0x20, 0x00, 0x60, 0x35, 0x80, 0x60, 0x0F, 0x09, 0x21, 0x4C, 0x6C, 0x22,
    0x4A, 0x6A, 0x22, 0xA1, 0x00, 0x68, 0x13, 0x33, 0xB2, 0x00, 0x20, 0xA0,
    0x02, 0x60, 0xB0, 0xA0, 0x36, 0xB2, 0xB1, 0x36, 0xB2, 0x02, 0x80, 0x07,
    0x7F, 0x9B, 0x1C, 0x00, 0x20, 0xA0, 0x01, 0x60, 0xA0, 0xA3, 0x80, 0xA3,
    0x6D, 0x00, 0x60, 0x7C, 0x00, 0x60, 0x00, 0x80, 0x07, 0x05, 0x10, 0xA0,
    0x6E, 0x00, 0x14, 0x20, 0x00, 0x60, 0x35, 0x80, 0x60, 0x0F, 0x09, 0x21,
    0x4C, 0x6C, 0x22, 0x4A, 0x6A, 0x22, 0xA1, 0x00, 0x68, 0x0F, 0x00, 0x0A,
    0x0B, 0x00, 0xB0, 0x04, 0x03, 0x40, 0x01, 0x00, 0x60, 0x0F, 0x20, 0x23,
    0x0A, 0x00, 0x0D, 0x53, 0x2C, 0xB2, 0x04, 0x0F, 0x40, 0x0F, 0x80, 0x23,
    0xFC, 0x0A, 0x0F, 0x7F, 0x08, 0x0D, 0x1F, 0x00, 0x09, 0x6F, 0x00, 0x50,
    0x53, 0x2D, 0xB2, 0xF4, 0x00, 0x40, 0x0F, 0x80, 0x23, 0x7A, 0x08, 0x0D,
    0x1F, 0x00, 0x09, 0x2F, 0x00, 0x50, 0x0F, 0x80, 0x20, 0xFF, 0x80, 0x07,
    0x04, 0x00, 0x4C, 0x0F, 0x84, 0x23, 0xA5, 0x00, 0x68, 0xE7, 0xFF, 0xBF,
    0x0F, 0x00, 0x0A,

    //start:0x008E9B, len:185(words), 555(bytes)
    0x00, 0x80, 0x07, 0x0A, 0x4C, 0x43, 0x2A, 0x71, 0x93, 0x40, 0x80, 0x07,
    0x0A, 0x00, 0x40, 0x0A, 0x8C, 0x93, 0x0F, 0x00, 0x0A, 0x20, 0x36, 0xB2,
    0x11, 0x31, 0xB2, 0x2A, 0x01, 0x8B, 0xF3, 0x0A, 0x0F, 0x6F, 0x08, 0x0D,
    0x16, 0x00, 0x09, 0xF6, 0xFF, 0xBF, 0x44, 0x00, 0x50, 0x40, 0x00, 0x58,
    0x30, 0x36, 0xB2, 0x91, 0x31, 0xB2, 0x2A, 0x01, 0x8B, 0x0B, 0x0A, 0x0F,
    0xEB, 0x0F, 0x0F, 0x6F, 0x08, 0x0D, 0x16, 0x00, 0x09, 0xF6, 0xFF, 0xBF,
    0x44, 0x00, 0x50, 0x40, 0x00, 0x58, 0x10, 0x36, 0xB2, 0x2A, 0x01, 0x8B,
    0x0E, 0x0A, 0x0F, 0xEA, 0x0F, 0x0F, 0xF0, 0x00, 0x58, 0x0F, 0x00, 0x0A,
    0x1C, 0x68, 0x83, 0x2B, 0x68, 0x83, 0x0F, 0xE3, 0x23, 0x4A, 0x00, 0x0D,
    0x0F, 0xE4, 0x23, 0x0F, 0xE2, 0x26, 0x25, 0x00, 0x18, 0x0F, 0x00, 0x22,
    0x90, 0x37, 0xB2, 0xA2, 0x70, 0x83, 0x61, 0x00, 0x50, 0x71, 0x82, 0x50,
    0x0F, 0x08, 0x21, 0x00, 0x00, 0x05, 0xAC, 0x70, 0x93, 0x60, 0x21, 0xB2,
    0x60, 0x00, 0x50, 0x0F, 0x24, 0x20, 0xF4, 0x02, 0x40, 0xFA, 0x70, 0x83,
    0x0F, 0xE2, 0x26, 0x70, 0x00, 0x18, 0xCF, 0x2A, 0x22, 0xFA, 0x70, 0x93,
    0xEA, 0x70, 0x83, 0x4C, 0x6A, 0x22, 0xEA, 0x70, 0x93, 0x8F, 0x00, 0x18,
    0xEA, 0x70, 0x83, 0x4C, 0x6A, 0x22, 0xDA, 0x70, 0x93, 0x00, 0xC4, 0x07,
    0xF4, 0x70, 0x93, 0x00, 0xC4, 0x07, 0xE4, 0x70, 0x93, 0xDC, 0x70, 0x83,
    0x4D, 0x80, 0x07, 0x06, 0x00, 0x40, 0x4C, 0x00, 0x0D, 0x0F, 0x24, 0x20,
    0x00, 0x00, 0x05, 0x0F, 0x64, 0x22, 0xCA, 0x00, 0x0D, 0x1A, 0x71, 0x93,
    0x41, 0x22, 0xB2, 0xF4, 0x0F, 0x40, 0x2A, 0x01, 0x8B, 0x0F, 0x82, 0x23,
    0x7A, 0x08, 0x0D, 0x17, 0x00, 0x09, 0x44, 0x00, 0x50, 0xFE, 0x04, 0x0F,
    0x4F, 0x00, 0x0D, 0x0F, 0xE4, 0x26, 0x75, 0x02, 0x18, 0x0C, 0x00, 0x0D,
    0x10, 0x36, 0xB2, 0xA0, 0x00, 0x50, 0xCF, 0x0A, 0x26, 0x41, 0x01, 0x18,
    0x20, 0x80, 0x07, 0x0A, 0x00, 0x40, 0xB5, 0x1E, 0x45, 0x0F, 0xEC, 0x26,
    0x43, 0x02, 0x18, 0x2E, 0x80, 0x07, 0x56, 0x6D, 0x45, 0x0F, 0x84, 0x20,
    0x77, 0x93, 0x40, 0x47, 0xEC, 0x22, 0xFE, 0x44, 0x0F, 0x4F, 0xEA, 0x26,
    0x42, 0x01, 0x18, 0x44, 0x01, 0x0D, 0x5A, 0x00, 0x0D, 0x00, 0x80, 0x07,
    0xBF, 0x1C, 0x1C, 0xA4, 0x00, 0x0D, 0x6F, 0x01, 0x18, 0xCF, 0x0A, 0x27,
    0x91, 0x00, 0x18, 0x06, 0x8C, 0x83, 0x0F, 0x84, 0x20, 0x00, 0x00, 0x05,
    0xFE, 0x44, 0x0F, 0x4F, 0xEC, 0x26, 0x62, 0x00, 0x18, 0x0A, 0x8C, 0x83,
    0xCF, 0x00, 0x18, 0x20, 0x80, 0x07, 0x0A, 0x00, 0x40, 0x9F, 0x00, 0x18,
    0xC0, 0x00, 0x0D, 0x0C, 0x00, 0x0D, 0xFE, 0x44, 0x0F, 0x44, 0x01, 0x0D,
    0x5F, 0x00, 0x0D, 0x00, 0x80, 0x07, 0xBF, 0x1C, 0x1C, 0xA4, 0x00, 0x0D,
    0xC4, 0x70, 0x83, 0x0F, 0x22, 0x27, 0xCA, 0x70, 0x93, 0x00, 0x71, 0x83,
    0xCF, 0x00, 0x23, 0x91, 0x00, 0x18, 0x62, 0x10, 0xB2, 0x08, 0x00, 0x50,
    0x0F, 0x38, 0x23, 0x0A, 0x00, 0x0D, 0x0A, 0x00, 0x40, 0xAA, 0x30, 0x2B,
    0x02, 0x38, 0x22, 0x6F, 0x00, 0x18, 0x0A, 0x00, 0x40, 0x62, 0x10, 0xB2,
    0x08, 0x00, 0x50, 0xAA, 0x30, 0x2B, 0x05, 0x38, 0x22, 0x0A, 0x71, 0x93,
    0xCF, 0x0A, 0x27, 0x41, 0x00, 0x18, 0x20, 0x36, 0xB2, 0xA0, 0x00, 0x50,
    0x3F, 0x00, 0x18, 0x30, 0x36, 0xB2, 0xA0, 0x00, 0x50, 0xC0, 0x70, 0x83,
    0xB4, 0x70, 0x83, 0x6A, 0x00, 0x0D, 0x0F, 0xE0, 0x22, 0x0F, 0x82, 0x20,
    0x0F, 0x64, 0x22, 0xBA, 0x70, 0x93, 0x25, 0x00, 0x40, 0x20, 0x71, 0x33,
    0x28, 0x03, 0xA0, 0x11, 0x68, 0xA3, 0x71, 0x00, 0x60, 0x62, 0x00, 0x60,
    0xF5, 0x8A, 0x60, 0xF1, 0x00, 0x68, 0xEF, 0xAC, 0x1F, 0x1A, 0x68, 0x93,
    0xBA, 0x70, 0x83, 0xE5, 0x82, 0x60, 0xE1, 0x00, 0x68, 0x9F, 0xAC, 0x1F,
    0x2A, 0x68, 0x93, 0x28, 0x71, 0x33, 0x08, 0x00, 0xA0, 0xE7, 0xFF, 0xBF,
    0x0F, 0x00, 0x0A,

    //start:0x008F54, len:173(words), 519(bytes)
    0x0A, 0x01, 0x48, 0x0A, 0x77, 0x93, 0x0A, 0x00, 0x40, 0x4A, 0x77, 0x93,
    0x0A, 0xC0, 0x40, 0x9A, 0x8A, 0x93, 0x0A, 0x00, 0x40, 0x8A, 0x07, 0x9B,
    0x2A, 0x83, 0x93, 0x3A, 0x83, 0x93, 0xDA, 0x7D, 0x93, 0x0A, 0x7E, 0x93,
    0x3A, 0x77, 0x93, 0x11, 0x80, 0x07, 0x1A, 0x11, 0x41, 0x1A, 0x77, 0x93,
    0xFF, 0x80, 0x07, 0xFA, 0xFF, 0x4F, 0x2A, 0x77, 0x93, 0x00, 0x80, 0x07,
    0x0A, 0x3C, 0x43, 0xFA, 0x7D, 0x93, 0xEA, 0x7D, 0x93, 0x0F, 0x00, 0x0A,
    0xBA, 0x06, 0x8B, 0xAA, 0x7A, 0x2A, 0x21, 0x00, 0x18, 0xBF, 0xFE, 0x1B,
    0x1A, 0x00, 0x40, 0x3A, 0x77, 0x93, 0x5F, 0x02, 0x8B, 0xF8, 0x0F, 0x0F,
    0x08, 0x2E, 0x0F, 0xCF, 0x0F, 0x27, 0x80, 0x01, 0x18, 0x5F, 0xE7, 0x26,
    0x90, 0x01, 0x18, 0x34, 0x00, 0x40, 0x0F, 0xE7, 0x26, 0x90, 0x01, 0x18,
    0x9F, 0xE7, 0x26, 0xB0, 0x01, 0x18, 0x54, 0x00, 0x40, 0x0F, 0xE7, 0x26,
    0xB0, 0x01, 0x18, 0x64, 0x00, 0x40, 0x0F, 0xE7, 0x26, 0xB0, 0x01, 0x18,
    0x74, 0x00, 0x40, 0x0F, 0xE7, 0x26, 0xB0, 0x01, 0x18, 0xDF, 0xE7, 0x26,
    0x10, 0x02, 0x18, 0x94, 0x00, 0x40, 0x0F, 0xE7, 0x26, 0xA0, 0x01, 0x18,
    0xDF, 0xEF, 0x26, 0x00, 0x02, 0x18, 0x8A, 0x00, 0x48, 0x04, 0x00, 0x40,
    0xFF, 0x01, 0x18, 0xAA, 0x00, 0x48, 0x04, 0x00, 0x40, 0xCF, 0x01, 0x18,
    0x00, 0x80, 0x07, 0x8A, 0xB3, 0x43, 0x04, 0x00, 0x40, 0x8F, 0x01, 0x18,
    0xEA, 0x00, 0x48, 0x04, 0x00, 0x40, 0x5F, 0x01, 0x18, 0x0A, 0x01, 0x48,
    0x04, 0x00, 0x40, 0x2F, 0x01, 0x18, 0x2A, 0x01, 0x48, 0x04, 0x00, 0x40,
    0xFF, 0x00, 0x18, 0x00, 0x80, 0x07, 0xCA, 0xB2, 0x43, 0x44, 0x00, 0x40,
    0xBF, 0x00, 0x18, 0x00, 0x80, 0x07, 0x8A, 0xB2, 0x43, 0x24, 0x00, 0x40,
    0x7F, 0x00, 0x18, 0x00, 0x80, 0x07, 0x0A, 0xB3, 0x43, 0x44, 0x00, 0x40,
    0x3F, 0x00, 0x18, 0x8A, 0x00, 0x48, 0x04, 0x00, 0x40, 0x0A, 0x77, 0x93,
    0x44, 0x77, 0x93, 0x0F, 0x00, 0x0A, 0x0A, 0x01, 0x48, 0x4A, 0x80, 0x93,
    0x0A, 0x00, 0x40, 0x6A, 0x80, 0x93, 0x0A, 0xC0, 0x40, 0x0A, 0x90, 0x93,
    0x0A, 0x00, 0x40, 0x5A, 0x80, 0x93, 0x0F, 0x00, 0x0A, 0x6A, 0x02, 0x8B,
    0xDF, 0x8A, 0x27, 0x21, 0x00, 0x18, 0xAF, 0xFF, 0x1B, 0x1A, 0x00, 0x40,
    0x5A, 0x80, 0x93, 0x6F, 0x02, 0x8B, 0xFC, 0x0F, 0x0F, 0x04, 0x2E, 0x0F,
    0xCF, 0x0F, 0x27, 0x80, 0x01, 0x18, 0x5F, 0xE7, 0x26, 0x90, 0x01, 0x18,
    0x34, 0x00, 0x40, 0x0F, 0xE7, 0x26, 0x90, 0x01, 0x18, 0x9F, 0xE7, 0x26,
    0xB0, 0x01, 0x18, 0x54, 0x00, 0x40, 0x0F, 0xE7, 0x26, 0xB0, 0x01, 0x18,
    0x64, 0x00, 0x40, 0x0F, 0xE7, 0x26, 0xB0, 0x01, 0x18, 0x74, 0x00, 0x40,
    0x0F, 0xE7, 0x26, 0xB0, 0x01, 0x18, 0xDF, 0xE7, 0x26, 0x10, 0x02, 0x18,
    0x94, 0x00, 0x40, 0x0F, 0xE7, 0x26, 0xA0, 0x01, 0x18, 0xDF, 0xEF, 0x26,
    0x00, 0x02, 0x18, 0x8A, 0x00, 0x48, 0x04, 0x00, 0x40, 0xFF, 0x01, 0x18,
    0xAA, 0x00, 0x48, 0x04, 0x00, 0x40, 0xCF, 0x01, 0x18, 0x00, 0x80, 0x07,
    0x8A, 0xB3, 0x43, 0x04, 0x00, 0x40, 0x8F, 0x01, 0x18, 0xEA, 0x00, 0x48,
    0x04, 0x00, 0x40, 0x5F, 0x01, 0x18, 0x0A, 0x01, 0x48, 0x04, 0x00, 0x40,
    0x2F, 0x01, 0x18, 0x2A, 0x01, 0x48, 0x04, 0x00, 0x40, 0xFF, 0x00, 0x18,
    0x00, 0x80, 0x07, 0xCA, 0xB2, 0x43, 0x44, 0x00, 0x40, 0xBF, 0x00, 0x18,
    0x00, 0x80, 0x07, 0x8A, 0xB2, 0x43, 0x24, 0x00, 0x40, 0x7F, 0x00, 0x18,
    0x00, 0x80, 0x07, 0x0A, 0xB3, 0x43, 0x44, 0x00, 0x40, 0x3F, 0x00, 0x18,
    0x8A, 0x00, 0x48, 0x04, 0x00, 0x40, 0x4A, 0x80, 0x93, 0x64, 0x80, 0x93,
    0x0F, 0x00, 0x0A,

    //start:0x009001, len:150(words), 450(bytes)
    0x00, 0x80, 0x07, 0x0A, 0x55, 0x43, 0x5A, 0x69, 0x93, 0x00, 0x80, 0x07,
    0x8A, 0x55, 0x43, 0x6A, 0x69, 0x93, 0x00, 0x80, 0x07, 0x0A, 0x56, 0x43,
    0x7A, 0x69, 0x93, 0x00, 0x80, 0x07, 0x8A, 0x56, 0x43, 0x8A, 0x69, 0x93,
    0x00, 0x80, 0x07, 0x0A, 0x57, 0x43, 0x9A, 0x69, 0x93, 0x00, 0x80, 0x07,
    0x8A, 0x57, 0x43, 0xAA, 0x69, 0x93, 0x00, 0x80, 0x07, 0x0A, 0x58, 0x43,
    0xBA, 0x69, 0x93, 0x00, 0x80, 0x07, 0x8A, 0x58, 0x43, 0xCA, 0x69, 0x93,
    0x00, 0x80, 0x07, 0x0A, 0x59, 0x43, 0xDA, 0x69, 0x93, 0x00, 0x80, 0x07,
    0x8A, 0x59, 0x43, 0xEA, 0x69, 0x93, 0x00, 0x80, 0x07, 0x0A, 0x5A, 0x43,
    0xFA, 0x69, 0x93, 0x00, 0x80, 0x07, 0x8A, 0x5A, 0x43, 0x0A, 0x6A, 0x93,
    0x00, 0x80, 0x07, 0x0A, 0x5B, 0x43, 0x1A, 0x6A, 0x93, 0x00, 0x80, 0x07,
    0x8A, 0x5B, 0x43, 0x2A, 0x6A, 0x93, 0x00, 0x80, 0x07, 0x0A, 0x5C, 0x43,
    0x3A, 0x6A, 0x93, 0x00, 0x80, 0x07, 0x8A, 0x5C, 0x43, 0x4A, 0x6A, 0x93,
    0xC0, 0x72, 0xB3, 0xE1, 0x37, 0xB2, 0x04, 0x00, 0x50, 0xF1, 0x37, 0xB2,
    0x14, 0x00, 0x50, 0x1E, 0x00, 0x40, 0x00, 0x80, 0x07, 0x85, 0x00, 0xA0,
    0xEE, 0x00, 0x14, 0x4E, 0x80, 0x23, 0x41, 0x00, 0x18, 0x00, 0x80, 0x07,
    0xAA, 0x9D, 0x48, 0x8F, 0x00, 0x18, 0x4E, 0x81, 0x23, 0x41, 0x00, 0x18,
    0x00, 0x80, 0x07, 0xCA, 0x9D, 0x48, 0x3F, 0x00, 0x18, 0x00, 0x80, 0x07,
    0x5A, 0x9F, 0x48, 0xA1, 0x00, 0x78, 0x01, 0x2E, 0x0F, 0x0F, 0x00, 0x0A,
    0x08, 0x00, 0xB0, 0x09, 0x00, 0xB0, 0xA1, 0x13, 0xB2, 0xE0, 0x37, 0xB2,
    0x04, 0x00, 0x50, 0x00, 0x00, 0x58, 0x21, 0x13, 0xB2, 0x10, 0x32, 0xB2,
    0x00, 0x80, 0x07, 0x85, 0x00, 0xA0, 0x2E, 0x00, 0x14, 0xA5, 0x00, 0x50,
    0xA1, 0x00, 0x58, 0xA1, 0x10, 0xB2, 0xD0, 0x29, 0xB2, 0x00, 0x80, 0x07,
    0x85, 0x02, 0xA0, 0x2E, 0x00, 0x14, 0xA5, 0x00, 0x50, 0xA1, 0x00, 0x58,
    0xC0, 0x72, 0xB3, 0xE1, 0x37, 0xB2, 0x04, 0x00, 0x50, 0xF1, 0x37, 0xB2,
    0x14, 0x00, 0x50, 0x1E, 0x00, 0x40, 0x00, 0x80, 0x07, 0x85, 0x00, 0xA0,
    0xEE, 0x00, 0x14, 0x4E, 0x80, 0x23, 0x41, 0x00, 0x18, 0x00, 0x80, 0x07,
    0xAA, 0x9D, 0x48, 0x8F, 0x00, 0x18, 0x4E, 0x81, 0x23, 0x41, 0x00, 0x18,
    0x00, 0x80, 0x07, 0xCA, 0x9D, 0x48, 0x3F, 0x00, 0x18, 0x00, 0x80, 0x07,
    0x5A, 0x9F, 0x48, 0xA1, 0x00, 0x78, 0x01, 0x2E, 0x0F, 0x7A, 0x07, 0x8B,
    0xF1, 0x37, 0xB2, 0x04, 0x00, 0x50, 0x0F, 0x78, 0x26, 0x31, 0x00, 0x18,
    0xBF, 0x82, 0x23, 0x2F, 0x00, 0x18, 0x9F, 0xA2, 0x23, 0x7A, 0x07, 0x9B,
    0x0F, 0x00, 0x0A, 0x8A, 0x00, 0xA0, 0x26, 0x00, 0xA0, 0x56, 0x00, 0xB0,
    0xC7, 0xFF, 0xBF, 0x51, 0x69, 0xA3, 0xD0, 0x29, 0xB2, 0x11, 0x32, 0xB2,
    0xC2, 0x72, 0xB3, 0x00, 0x80, 0x07, 0x85, 0x00, 0xA0, 0x6E, 0x00, 0x14,
    0x00, 0x20, 0xA0, 0x95, 0x00, 0x50, 0xA9, 0x00, 0x70, 0x3A, 0x08, 0x0D,
    0xDF, 0x00, 0x0B, 0x12, 0x00, 0x09, 0x0A, 0x00, 0xA0, 0x09, 0x00, 0x40,
    0x08, 0x00, 0x40, 0xF6, 0xFF, 0xAF, 0xE7, 0xFF, 0xAF, 0xF6, 0xFF, 0xBF,
    0xE7, 0xFF, 0xBF, 0x0F, 0x00, 0x0A,

    //start:0x009097, len:133(words), 399(bytes)
    0x0F, 0x00, 0x0A, 0xA0, 0x00, 0xAB, 0x08, 0x00, 0xA0, 0xF1, 0x77, 0xA3,
    0x09, 0x00, 0xA0, 0x0B, 0x00, 0xB0, 0x00, 0x80, 0x07, 0x55, 0x00, 0xA0,
    0x8E, 0x01, 0x14, 0xA1, 0x00, 0x60, 0xF8, 0x0A, 0x0F, 0x0F, 0x00, 0x0D,
    0x04, 0x03, 0x40, 0x0F, 0x20, 0x23, 0x0A, 0x00, 0x0D, 0x53, 0x2C, 0xB2,
    0x04, 0x0F, 0x40, 0x0F, 0x80, 0x23, 0xFC, 0x0A, 0x0F, 0x7F, 0x08, 0x0D,
    0x1F, 0x00, 0x09, 0x6F, 0x00, 0x50, 0x53, 0x2D, 0xB2, 0xF4, 0x00, 0x40,
    0x0F, 0x80, 0x23, 0x7A, 0x08, 0x0D, 0x1F, 0x00, 0x09, 0x2F, 0x00, 0x50,
    0x0F, 0x80, 0x20, 0xFF, 0x80, 0x07, 0x04, 0x00, 0x4C, 0x0F, 0x84, 0x23,
    0xA5, 0x00, 0x68, 0xE7, 0xFF, 0xBF, 0x0F, 0x00, 0x0A, 0xF0, 0x77, 0xA3,
    0x70, 0x34, 0xB2, 0x05, 0x00, 0x42, 0x00, 0x80, 0x07, 0x55, 0x00, 0xA0,
    0x9E, 0x00, 0x14, 0xA0, 0x00, 0x50, 0x41, 0x00, 0x60, 0xAA, 0xE2, 0x2A,
    0x50, 0x00, 0x18, 0x32, 0x00, 0x18, 0x0F, 0x6A, 0x22, 0x2F, 0x00, 0x18,
    0x0F, 0xEA, 0x22, 0xA1, 0x00, 0x58, 0x0F, 0x00, 0x0A, 0x53, 0x27, 0xB2,
    0x00, 0x20, 0xA0, 0x02, 0x70, 0xB0, 0x80, 0x2F, 0xB2, 0x91, 0x2F, 0xB2,
    0x02, 0x80, 0x07, 0x7F, 0x9B, 0x1C, 0x00, 0x20, 0xA0, 0xB0, 0x2F, 0xB2,
    0x3F, 0x03, 0x1C, 0x00, 0x20, 0xA0, 0xE0, 0x2F, 0xB2, 0x0F, 0x03, 0x1C,
    0x00, 0x20, 0xA0, 0x02, 0x60, 0xB0, 0x50, 0x2F, 0xB2, 0x61, 0x2F, 0xB2,
    0x02, 0x80, 0x07, 0x7F, 0x9B, 0x1C, 0x00, 0x70, 0xA0, 0x50, 0x2F, 0xB2,
    0x7F, 0x02, 0x1C, 0x00, 0x70, 0xA0, 0x02, 0x80, 0xB0, 0xB0, 0x2F, 0xB2,
    0xC1, 0x2F, 0xB2, 0x02, 0x80, 0x07, 0x7F, 0x9B, 0x1C, 0x00, 0x70, 0xA0,
    0xE0, 0x2F, 0xB2, 0xEF, 0x01, 0x1C, 0x00, 0x80, 0xA0, 0x02, 0x90, 0xB0,
    0xE0, 0x2F, 0xB2, 0xF1, 0x2F, 0xB2, 0x02, 0x80, 0x07, 0x7F, 0x9B, 0x1C,
    0x00, 0x20, 0xA0, 0x01, 0x60, 0xA0, 0x02, 0x70, 0xA0, 0x03, 0x80, 0xA0,
    0x00, 0x90, 0xB0, 0xA1, 0x34, 0xB2, 0x75, 0x00, 0x50, 0x55, 0x00, 0x50,
    0x71, 0x34, 0xB2, 0xE7, 0xFF, 0xBF, 0x00, 0x80, 0x07, 0x05, 0x10, 0xA0,
    0x9E, 0x00, 0x14, 0x50, 0x00, 0xE8, 0x55, 0x80, 0xE8, 0x79, 0x00, 0xE9,
    0x2D, 0x00, 0x61, 0x21, 0x08, 0x71, 0x45, 0x02, 0x21, 0x4C, 0x6C, 0x22,
    0x4A, 0x6A, 0x22, 0xA1, 0x00, 0x68, 0x0F, 0x00, 0x0A, 0x40, 0x80, 0x07,
    0x07, 0x00, 0x40, 0x0F, 0x38, 0x26, 0xAD, 0x00, 0x50, 0x1A, 0x04, 0x0D,
    0xAD, 0x00, 0x50, 0x2A, 0x04, 0x0D, 0xF8, 0x00, 0x60, 0x00, 0x80, 0x07,
    0x05, 0x08, 0xA0, 0x7E, 0x00, 0x14, 0x00, 0x00, 0xEC, 0x24, 0x81, 0x60,
    0x34, 0x08, 0x69, 0x0F, 0x87, 0x21, 0x01, 0x4C, 0x0F, 0x01, 0x3B, 0x0F,
    0xF1, 0x00, 0x68, 0xF8, 0x00, 0x68, 0x0F, 0x10, 0x27, 0xF0, 0xFE, 0x1B,
    0x0F, 0x00, 0x0A,

    //start:0x00911C, len:113(words), 339(bytes)
    0xD1, 0x80, 0xA3, 0x00, 0x80, 0x07, 0x25, 0x00, 0xA0, 0x3E, 0x00, 0x14,
    0x20, 0x80, 0x07, 0x5A, 0x6E, 0x42, 0xA5, 0x00, 0x68, 0xFA, 0x80, 0x93,
    0x0F, 0x00, 0x0A, 0xCA, 0x00, 0x8B, 0x10, 0x0A, 0x0F, 0xF0, 0x0F, 0x0F,
    0x04, 0x85, 0x83, 0xAA, 0xE7, 0x2A, 0x50, 0x00, 0x18, 0x0F, 0x85, 0x93,
    0x00, 0x85, 0xA3, 0xF1, 0x80, 0xA3, 0xEF, 0x02, 0x1C, 0xD0, 0x80, 0x83,
    0xF4, 0x80, 0x83, 0x0F, 0xE0, 0x22, 0x44, 0x00, 0x18, 0x92, 0x00, 0x18,
    0xA0, 0x00, 0x0D, 0xCF, 0x00, 0x18, 0xDF, 0x7A, 0x26, 0x33, 0x00, 0x18,
    0x5F, 0x78, 0x22, 0x8F, 0x00, 0x18, 0xDF, 0x78, 0x22, 0x6F, 0x00, 0x18,
    0xDF, 0xFA, 0x26, 0x35, 0x00, 0x18, 0x5F, 0xF8, 0x22, 0x2F, 0x00, 0x18,
    0xDF, 0xF8, 0x22, 0xDA, 0x80, 0x93, 0x0F, 0x00, 0x0A, 0xAF, 0x03, 0x1C,
    0x2F, 0x00, 0x1C, 0x0F, 0x00, 0x0A, 0x73, 0x33, 0xB2, 0x00, 0x20, 0xA0,
    0x02, 0x60, 0xB0, 0xD0, 0x36, 0xB2, 0xE1, 0x36, 0xB2, 0x02, 0x80, 0x07,
    0x7F, 0x9B, 0x1C, 0x00, 0x20, 0xA0, 0x01, 0x60, 0xA0, 0xD3, 0x80, 0xA3,
    0x6D, 0x00, 0x60, 0x7C, 0x00, 0x60, 0x00, 0x80, 0x07, 0x05, 0x10, 0xA0,
    0x6E, 0x00, 0x14, 0x20, 0x00, 0x60, 0x35, 0x80, 0x60, 0x0F, 0x09, 0x21,
    0x4C, 0x6C, 0x22, 0x4A, 0x6A, 0x22, 0xA1, 0x00, 0x68, 0x0F, 0x00, 0x0A,
    0x0B, 0x00, 0xB0, 0x04, 0x03, 0x40, 0x01, 0x00, 0x60, 0x0F, 0x20, 0x23,
    0x0A, 0x00, 0x0D, 0x53, 0x2C, 0xB2, 0x04, 0x0F, 0x40, 0x0F, 0x80, 0x23,
    0xFC, 0x0A, 0x0F, 0x7F, 0x08, 0x0D, 0x1F, 0x00, 0x09, 0x6F, 0x00, 0x50,
    0x53, 0x2D, 0xB2, 0xF4, 0x00, 0x40, 0x0F, 0x80, 0x23, 0x7A, 0x08, 0x0D,
    0x1F, 0x00, 0x09, 0x2F, 0x00, 0x50, 0x0F, 0x80, 0x20, 0xFF, 0x80, 0x07,
    0x04, 0x00, 0x4C, 0x0F, 0x84, 0x23, 0xA5, 0x00, 0x68, 0xE7, 0xFF, 0xBF,
    0x0F, 0x00, 0x0A, 0x00, 0x80, 0x07, 0x0A, 0x54, 0x43, 0x2A, 0x84, 0x93,
    0x00, 0x80, 0x07, 0x8A, 0x54, 0x43, 0x3A, 0x84, 0x93, 0x0F, 0x00, 0x0A,
    0x0F, 0x00, 0x0A, 0x8A, 0x00, 0xA0, 0x26, 0x00, 0xA0, 0xC7, 0xFF, 0xBF,
    0x00, 0x20, 0xA0, 0x21, 0x84, 0xA3, 0xB0, 0x1B, 0xB2, 0x19, 0x00, 0x40,
    0x02, 0x80, 0x07, 0x5F, 0x9F, 0x1C, 0x0A, 0x00, 0xA0, 0x09, 0x00, 0x40,
    0x08, 0x00, 0x40, 0xF6, 0xFF, 0xAF, 0xE7, 0xFF, 0xAF, 0xE7, 0xFF, 0xBF,
    0x0F, 0x00, 0x0A,

    //start:0x00918D, len:111(words), 333(bytes)
    0x00, 0x80, 0x07, 0x8A, 0x38, 0x43, 0xAA, 0x77, 0x93, 0x7F, 0x80, 0x07,
    0xFA, 0xFF, 0x4F, 0xBA, 0x83, 0x93, 0x0A, 0x00, 0x40, 0xAA, 0x83, 0x93,
    0xBA, 0x77, 0x93, 0x01, 0x80, 0x07, 0x0A, 0x00, 0x40, 0xDA, 0x77, 0x93,
    0x0A, 0x00, 0x40, 0xEA, 0x77, 0x93, 0x0F, 0x00, 0x0A, 0xE7, 0xFF, 0xBF,
    0x00, 0x20, 0xA0, 0x01, 0x28, 0xA0, 0x30, 0x37, 0xB2, 0x61, 0x37, 0xB2,
    0x02, 0x50, 0xB0, 0x03, 0x58, 0xB0, 0x00, 0x80, 0x07, 0x05, 0x08, 0xA0,
    0x0E, 0x04, 0x14, 0xC1, 0x00, 0x60, 0xB5, 0x00, 0x60, 0xFF, 0x4C, 0x0F,
    0x0F, 0xE7, 0x23, 0x4A, 0x00, 0x0D, 0xFF, 0x4B, 0x0F, 0x0F, 0xE7, 0x23,
    0x0F, 0x62, 0x22, 0xA2, 0x77, 0x33, 0x3A, 0x00, 0xA0, 0xA8, 0x00, 0x68,
    0x1A, 0x00, 0xE8, 0x1A, 0xC0, 0xE8, 0x38, 0x40, 0xE9, 0x0F, 0x40, 0x20,
    0xAA, 0x77, 0x33, 0x0A, 0x00, 0xA0, 0xB3, 0x77, 0xA3, 0x65, 0x00, 0x50,
    0x6C, 0x84, 0xE8, 0x0F, 0x60, 0x20, 0xCC, 0x00, 0x68, 0xFC, 0x8A, 0x93,
    0x49, 0x00, 0x40, 0x9A, 0x01, 0x8B, 0xF4, 0x0F, 0x40, 0x0F, 0x82, 0x23,
    0x0F, 0x4A, 0x0E, 0x4F, 0xEC, 0x22, 0x32, 0x01, 0x18, 0xCA, 0x77, 0x83,
    0xCF, 0x2A, 0x22, 0xCA, 0x77, 0x93, 0x04, 0x00, 0x44, 0x0F, 0xE2, 0x26,
    0xC4, 0x00, 0x18, 0xC4, 0x77, 0x93, 0x00, 0xC4, 0x07, 0xA5, 0x83, 0x93,
    0xB0, 0x83, 0x83, 0xD4, 0x77, 0x83, 0x0F, 0xE0, 0x22, 0xE4, 0x77, 0x83,
    0x0F, 0xE2, 0x26, 0x03, 0x00, 0x22, 0xBA, 0x83, 0x93, 0xEF, 0x00, 0x18,
    0xDF, 0x00, 0x18, 0x00, 0xC4, 0x07, 0xC4, 0x77, 0x93, 0x00, 0xC4, 0x07,
    0xA4, 0x83, 0x93, 0xB0, 0x83, 0x83, 0xD4, 0x77, 0x83, 0x0F, 0x60, 0x22,
    0x7F, 0x80, 0x07, 0xF4, 0xFF, 0x4F, 0x0F, 0xE2, 0x26, 0x05, 0x00, 0x22,
    0xBA, 0x83, 0x93, 0xAA, 0x83, 0x83, 0xA9, 0x00, 0x78, 0xBA, 0x83, 0x83,
    0xAD, 0x00, 0x78, 0x0F, 0x00, 0x0A, 0x00, 0x20, 0xA0, 0x01, 0x28, 0xA0,
    0x02, 0x50, 0xA0, 0x03, 0x58, 0xA0, 0x00, 0x80, 0x07, 0x05, 0x08, 0xA0,
    0xDE, 0x00, 0x14, 0x7A, 0x07, 0x8B, 0x09, 0x00, 0x60, 0x0F, 0x78, 0x26,
    0x31, 0x00, 0x18, 0x3F, 0x82, 0x23, 0x2F, 0x00, 0x18, 0x1F, 0xA2, 0x23,
    0x7A, 0x07, 0x9B, 0x6D, 0x00, 0x60, 0x20, 0x00, 0x60, 0x24, 0x80, 0x60,
    0xC1, 0x80, 0x68, 0xC5, 0x00, 0x68, 0x0F, 0x00, 0x0A,

    //start:0x0091FC, len:96(words), 288(bytes)
    0x0A, 0x00, 0x40, 0x3A, 0x71, 0x93, 0x4A, 0x71, 0x93, 0x5A, 0x71, 0x93,
    0x7A, 0x71, 0x93, 0x6A, 0x71, 0x93, 0x9A, 0x71, 0x93, 0x8A, 0x71, 0x93,
    0xAA, 0x71, 0x93, 0xBA, 0x71, 0x93, 0x0F, 0x00, 0x0A, 0x00, 0x20, 0xA0,
    0x01, 0x28, 0xA0, 0x62, 0x71, 0xA3, 0x83, 0x71, 0xA3, 0x00, 0x80, 0x07,
    0x05, 0x08, 0xA0, 0x4E, 0x02, 0x14, 0x00, 0x08, 0x0C, 0x00, 0x00, 0x60,
    0x01, 0x00, 0x40, 0x0F, 0x78, 0x26, 0x35, 0x00, 0x18, 0xFF, 0x80, 0x07,
    0xF1, 0xFF, 0x4F, 0x49, 0x00, 0x60, 0x5A, 0x60, 0x62, 0xA9, 0x49, 0x6A,
    0xAA, 0x00, 0x68, 0x04, 0x00, 0x60, 0x01, 0x00, 0x40, 0x0F, 0x78, 0x26,
    0x35, 0x00, 0x18, 0xFF, 0x80, 0x07, 0xF1, 0xFF, 0x4F, 0x4D, 0x00, 0x60,
    0x5E, 0x60, 0x62, 0xAD, 0x49, 0x6A, 0xAE, 0x00, 0x68, 0x3A, 0x71, 0x83,
    0xCF, 0x2A, 0x22, 0x3A, 0x71, 0x93, 0x04, 0x80, 0x07, 0x04, 0x00, 0x40,
    0x0F, 0xE2, 0x26, 0xA5, 0x00, 0x1C, 0x00, 0x0C, 0x0C, 0x9F, 0x01, 0x1C,
    0xA4, 0x71, 0x83, 0xB5, 0x71, 0x83, 0x00, 0x00, 0x60, 0x14, 0xE0, 0x62,
    0xA1, 0xE9, 0x6A, 0xA5, 0x00, 0x68, 0x0F, 0x00, 0x0A, 0x7C, 0x71, 0x83,
    0x6B, 0x71, 0x83, 0xEE, 0x4C, 0x0F, 0xEE, 0x3B, 0x0F, 0x4E, 0x71, 0x93,
    0x9C, 0x71, 0x83, 0x8B, 0x71, 0x83, 0xEE, 0x4C, 0x0F, 0xEE, 0x3B, 0x0F,
    0x5E, 0x71, 0x93, 0x0A, 0x00, 0x40, 0x3A, 0x71, 0x93, 0x7A, 0x71, 0x93,
    0x6A, 0x71, 0x93, 0x9A, 0x71, 0x93, 0x8A, 0x71, 0x93, 0x0F, 0x00, 0x0A,
    0x40, 0x71, 0x83, 0xAA, 0x71, 0x83, 0x4A, 0xE0, 0x26, 0x80, 0x00, 0x18,
    0x45, 0x00, 0x18, 0xFF, 0x80, 0x07, 0xF4, 0xFF, 0x4F, 0x2F, 0x00, 0x18,
    0x14, 0x00, 0x40, 0x0F, 0x62, 0x22, 0xAA, 0x71, 0x93, 0x50, 0x71, 0x83,
    0xBA, 0x71, 0x83, 0x4A, 0xE0, 0x26, 0x80, 0x00, 0x18, 0x45, 0x00, 0x18,
    0xFF, 0x80, 0x07, 0xF4, 0xFF, 0x4F, 0x2F, 0x00, 0x18, 0x14, 0x00, 0x40,
    0x0F, 0x62, 0x22, 0xBA, 0x71, 0x93, 0x00, 0x00, 0x00, 0x0F, 0x00, 0x0A,

    //start:0x00925C, len:93(words), 279(bytes)
    0x0A, 0x01, 0x48, 0x5A, 0x77, 0x93, 0x0A, 0x00, 0x40, 0x9A, 0x77, 0x93,
    0x0A, 0xC0, 0x40, 0xAA, 0x8A, 0x93, 0x0A, 0x00, 0x40, 0xAA, 0x07, 0x9B,
    0x4A, 0x83, 0x93, 0x5A, 0x83, 0x93, 0x1A, 0x7E, 0x93, 0x4A, 0x7E, 0x93,
    0x8A, 0x77, 0x93, 0x11, 0x80, 0x07, 0x1A, 0x11, 0x41, 0x6A, 0x77, 0x93,
    0xFF, 0x80, 0x07, 0xFA, 0xFF, 0x4F, 0x7A, 0x77, 0x93, 0x00, 0x80, 0x07,
    0x0A, 0x40, 0x43, 0x3A, 0x7E, 0x93, 0x2A, 0x7E, 0x93, 0x0F, 0x00, 0x0A,
    0x5F, 0x02, 0x8B, 0xF8, 0x0F, 0x0F, 0xCF, 0x0F, 0x27, 0x80, 0x01, 0x18,
    0x5F, 0xE7, 0x26, 0x90, 0x01, 0x18, 0x34, 0x00, 0x40, 0x0F, 0xE7, 0x26,
    0x90, 0x01, 0x18, 0x9F, 0xE7, 0x26, 0xB0, 0x01, 0x18, 0x54, 0x00, 0x40,
    0x0F, 0xE7, 0x26, 0xB0, 0x01, 0x18, 0x64, 0x00, 0x40, 0x0F, 0xE7, 0x26,
    0xB0, 0x01, 0x18, 0x74, 0x00, 0x40, 0x0F, 0xE7, 0x26, 0xB0, 0x01, 0x18,
    0xDF, 0xE7, 0x26, 0x10, 0x02, 0x18, 0x94, 0x00, 0x40, 0x0F, 0xE7, 0x26,
    0xA0, 0x01, 0x18, 0xDF, 0xEF, 0x26, 0x00, 0x02, 0x18, 0x8A, 0x00, 0x48,
    0x04, 0x00, 0x40, 0xFF, 0x01, 0x18, 0xAA, 0x00, 0x48, 0x04, 0x00, 0x40,
    0xCF, 0x01, 0x18, 0x00, 0x80, 0x07, 0x8A, 0xB3, 0x43, 0x04, 0x00, 0x40,
    0x8F, 0x01, 0x18, 0xEA, 0x00, 0x48, 0x04, 0x00, 0x40, 0x5F, 0x01, 0x18,
    0x0A, 0x01, 0x48, 0x04, 0x00, 0x40, 0x2F, 0x01, 0x18, 0x2A, 0x01, 0x48,
    0x04, 0x00, 0x40, 0xFF, 0x00, 0x18, 0x00, 0x80, 0x07, 0xCA, 0xB2, 0x43,
    0x44, 0x00, 0x40, 0xBF, 0x00, 0x18, 0x00, 0x80, 0x07, 0x8A, 0xB2, 0x43,
    0x24, 0x00, 0x40, 0x7F, 0x00, 0x18, 0x00, 0x80, 0x07, 0x0A, 0xB3, 0x43,
    0x44, 0x00, 0x40, 0x3F, 0x00, 0x18, 0x8A, 0x00, 0x48, 0x04, 0x00, 0x40,
    0x5A, 0x77, 0x93, 0x94, 0x77, 0x93, 0xDA, 0x01, 0x8B, 0xAA, 0x7A, 0x2A,
    0x21, 0x00, 0x18, 0xDF, 0xFA, 0x1B, 0x1A, 0x00, 0x40, 0x8A, 0x77, 0x93,
    0x0F, 0x00, 0x0A,

    //start:0x0092B9, len:83(words), 249(bytes)
    0x4B, 0x01, 0x8B, 0xDF, 0x8B, 0x27, 0xC1, 0x00, 0x18, 0x8A, 0x75, 0x83,
    0xAA, 0x7A, 0x2A, 0x00, 0x00, 0x0A, 0x0A, 0x00, 0x40, 0x8A, 0x75, 0x93,
    0x3A, 0x75, 0x93, 0x2A, 0x75, 0x93, 0x80, 0x80, 0x07, 0x0A, 0x00, 0x40,
    0x4A, 0x75, 0x93, 0x0F, 0x00, 0x0A, 0x1A, 0x00, 0x40, 0x8A, 0x75, 0x93,
    0x30, 0x75, 0x83, 0xAA, 0x78, 0x2A, 0x90, 0x00, 0x18, 0x30, 0x75, 0x83,
    0x24, 0x75, 0x83, 0x0F, 0x60, 0x22, 0x3A, 0x75, 0x93, 0x65, 0x75, 0x83,
    0x3A, 0x75, 0x83, 0xAA, 0xEA, 0x2A, 0x53, 0x01, 0x18, 0x5F, 0x02, 0x1C,
    0x4A, 0x01, 0x8B, 0xF4, 0x07, 0x40, 0x0F, 0x82, 0x23, 0x00, 0x00, 0x0A,
    0x3A, 0x75, 0x93, 0x25, 0x75, 0x83, 0xAA, 0xEA, 0x2A, 0xC0, 0x00, 0x18,
    0x2A, 0x75, 0x93, 0x80, 0x80, 0x07, 0x0A, 0x00, 0x40, 0x4A, 0x75, 0x93,
    0x0A, 0x00, 0x40, 0x74, 0x75, 0x83, 0x00, 0xCC, 0x07, 0x25, 0x75, 0x83,
    0x1E, 0x00, 0x14, 0x0F, 0x62, 0x22, 0x5A, 0x75, 0x93, 0x4A, 0x75, 0x83,
    0x4A, 0x03, 0x99, 0x00, 0x80, 0x07, 0xD5, 0x00, 0xA0, 0x2E, 0x00, 0x14,
    0x00, 0x00, 0x00, 0x00, 0x00, 0x00, 0x6A, 0x03, 0x89, 0x1A, 0x68, 0x93,
    0x2A, 0x68, 0x93, 0x00, 0x08, 0x0C, 0x54, 0x75, 0x83, 0x4A, 0x75, 0x83,
    0x0F, 0x62, 0x22, 0x4A, 0x75, 0x93, 0x00, 0x0C, 0x0C, 0x0F, 0x00, 0x0A,
    0xDA, 0x71, 0x83, 0x30, 0x02, 0x40, 0x40, 0xEA, 0x26, 0x74, 0x00, 0x18,
    0xE0, 0x02, 0x40, 0x40, 0xEA, 0x26, 0x84, 0x00, 0x18, 0x0A, 0x18, 0x40,
    0x05, 0xA0, 0x4A, 0x7F, 0x00, 0x18, 0x0A, 0x10, 0x40, 0x01, 0x80, 0x07,
    0x05, 0x00, 0x40, 0x3F, 0x00, 0x18, 0x0A, 0x16, 0x40, 0x05, 0xA0, 0x4B,
    0x6A, 0x75, 0x93, 0x75, 0x75, 0x93, 0x0F, 0x00, 0x0A,

    //start:0x00930C, len:71(words), 213(bytes)
    0x00, 0x80, 0x07, 0x0A, 0x50, 0x43, 0x7A, 0x83, 0x93, 0x0F, 0x00, 0x0A,
    0x11, 0x68, 0xA3, 0x62, 0x83, 0xA3, 0x73, 0x83, 0x33, 0x2B, 0x03, 0xA0,
    0x4F, 0x00, 0x1C, 0x7B, 0x83, 0x33, 0x0B, 0x00, 0xA0, 0x0F, 0x00, 0x0A,
    0xC5, 0x00, 0x60, 0xB6, 0x00, 0x60, 0x0F, 0xE3, 0x23, 0x4A, 0x00, 0x0D,
    0x0F, 0xE4, 0x23, 0x0F, 0xE2, 0x26, 0x25, 0x00, 0x18, 0x0F, 0x00, 0x22,
    0x48, 0x00, 0x60, 0x0A, 0x00, 0x0D, 0x0F, 0xE0, 0x22, 0x44, 0x00, 0x18,
    0x51, 0x36, 0xB2, 0x65, 0x00, 0x50, 0x3F, 0x00, 0x18, 0x61, 0x36, 0xB2,
    0x65, 0x00, 0x50, 0x2A, 0x00, 0x0D, 0x0F, 0x80, 0x20, 0x4C, 0x00, 0x0D,
    0x0F, 0xE0, 0x22, 0xA8, 0x00, 0x68, 0xC8, 0x00, 0x60, 0x41, 0x22, 0xB2,
    0xF4, 0x0F, 0x40, 0x7A, 0x01, 0x8B, 0x0F, 0x82, 0x23, 0x7A, 0x08, 0x0D,
    0x17, 0x00, 0x09, 0x45, 0x00, 0x50, 0xFC, 0x04, 0x0F, 0x4F, 0x00, 0x0D,
    0x0F, 0xE4, 0x26, 0x45, 0x00, 0x18, 0x20, 0x80, 0x07, 0x0A, 0x00, 0x40,
    0x8F, 0x00, 0x18, 0x0C, 0x00, 0x0D, 0xFE, 0x44, 0x0F, 0x44, 0x01, 0x0D,
    0x5F, 0x00, 0x0D, 0x00, 0x80, 0x07, 0xBF, 0x1C, 0x1C, 0xA4, 0x00, 0x0D,
    0x2A, 0x00, 0x0D, 0x7C, 0x00, 0x60, 0xF4, 0x88, 0x60, 0xFD, 0x00, 0x68,
    0x4C, 0x6C, 0x22, 0x4A, 0x6A, 0x22, 0xA5, 0x00, 0x68, 0x6C, 0x00, 0x60,
    0xE4, 0x80, 0x60, 0xED, 0x00, 0x68, 0x4C, 0x6C, 0x22, 0x4A, 0x6A, 0x22,
    0xA6, 0x00, 0x68, 0xE7, 0xFF, 0xBF, 0x0F, 0x00, 0x0A,

    //start:0x009353, len:40(words), 120(bytes)
    0x0A, 0x00, 0x40, 0xCA, 0x38, 0x93, 0x0A, 0x00, 0x40, 0xFA, 0x38, 0x93,
    0xEA, 0x38, 0x93, 0x1A, 0x07, 0x9B, 0x0A, 0x39, 0x93, 0x1A, 0x39, 0x93,
    0x0A, 0x00, 0x41, 0x2A, 0x39, 0x93, 0x00, 0x80, 0x07, 0x0A, 0x44, 0x43,
    0x4A, 0x39, 0x93, 0x3A, 0x39, 0x93, 0x0A, 0x00, 0x40, 0x5A, 0x39, 0x93,
    0x6A, 0x39, 0x93, 0xA3, 0x03, 0x0D, 0x5F, 0xA2, 0x23, 0x3A, 0x0C, 0x0D,
    0x0F, 0x00, 0x0A, 0xBA, 0x01, 0x8B, 0xCA, 0x38, 0x93, 0x1F, 0x82, 0x27,
    0xF0, 0x00, 0x18, 0x40, 0x00, 0x04, 0x0A, 0x00, 0x40, 0xFA, 0x38, 0x93,
    0xEA, 0x38, 0x93, 0x1A, 0x07, 0x9B, 0x0A, 0x39, 0x93, 0x1A, 0x39, 0x93,
    0x00, 0x80, 0x07, 0x0A, 0x44, 0x43, 0x4A, 0x39, 0x93, 0x3A, 0x39, 0x93,
    0x0A, 0x00, 0x40, 0x5A, 0x39, 0x93, 0x60, 0x00, 0x04, 0x0F, 0x00, 0x0A,

    //start:0x00937B, len:38(words), 114(bytes)
    0x08, 0x00, 0x40, 0x00, 0x80, 0x07, 0x0A, 0xF0, 0x42, 0x3A, 0x6C, 0x93,
    0x4A, 0x6C, 0x93, 0x58, 0x6C, 0x93, 0x00, 0x80, 0x07, 0x0A, 0xF8, 0x42,
    0x6A, 0x6C, 0x93, 0x7A, 0x6C, 0x93, 0x88, 0x6C, 0x93, 0x01, 0x80, 0x07,
    0x0A, 0x40, 0x41, 0x9A, 0x6C, 0x93, 0xAA, 0x6C, 0x93, 0xB8, 0x6C, 0x93,
    0xC8, 0x6C, 0x93, 0xD8, 0x6C, 0x93, 0xE8, 0x6C, 0x93, 0x0F, 0x00, 0x0A,
    0x83, 0x10, 0xB2, 0xAC, 0x00, 0x50, 0x0F, 0x7A, 0x26, 0x04, 0x18, 0x22,
    0x04, 0x20, 0x40, 0x0F, 0xE2, 0x26, 0x02, 0x00, 0x22, 0xFA, 0x6C, 0x93,
    0x00, 0x30, 0x0C, 0xE6, 0x71, 0x83, 0x0F, 0x82, 0x20, 0x0F, 0x02, 0x21,
    0x00, 0x20, 0x0C, 0x0B, 0x6D, 0x93, 0xFA, 0x6C, 0x83, 0x0F, 0x7A, 0x26,
    0xC0, 0xFD, 0x1B, 0x0F, 0x00, 0x0A,

    //start:0x0093A1, len:33(words), 99(bytes)
    0x00, 0x80, 0x07, 0x0A, 0x3A, 0x43, 0x8A, 0x83, 0x93, 0x00, 0x80, 0x07,
    0x8A, 0x3A, 0x43, 0x9A, 0x83, 0x93, 0x0F, 0x00, 0x0A, 0x08, 0x00, 0xB0,
    0x09, 0x00, 0xB0, 0xC1, 0x13, 0xB2, 0xB0, 0x1B, 0xB2, 0x00, 0x80, 0x07,
    0x55, 0x00, 0xA0, 0x2E, 0x00, 0x14, 0xA5, 0x00, 0x50, 0xA1, 0x00, 0x58,
    0x0F, 0x00, 0x0A, 0x8A, 0x00, 0xA0, 0x26, 0x00, 0xA0, 0xC7, 0xFF, 0xBF,
    0x00, 0x20, 0xA0, 0x81, 0x83, 0xA3, 0xB0, 0x1B, 0xB2, 0x19, 0x00, 0x40,
    0x02, 0x80, 0x07, 0x5F, 0x9F, 0x1C, 0x0A, 0x00, 0xA0, 0x09, 0x00, 0x40,
    0x08, 0x00, 0x40, 0xF6, 0xFF, 0xAF, 0xE7, 0xFF, 0xAF, 0xE7, 0xFF, 0xBF,
    0x0F, 0x00, 0x0A,

    //start:0x0093C2, len:18(words), 54(bytes)
    0x9A, 0x07, 0x8B, 0x04, 0xF0, 0x4F, 0x0F, 0x82, 0x27, 0xCF, 0x2A, 0x22,
    0xF4, 0x0F, 0x40, 0x0F, 0x82, 0x23, 0x0F, 0xB2, 0x23, 0x9A, 0x07, 0x9B,
    0x0A, 0x00, 0x40, 0xAA, 0xB2, 0x93, 0xBA, 0xB2, 0x93, 0xCA, 0xB2, 0x93,
    0xDA, 0xB2, 0x93, 0x2A, 0xB3, 0x93, 0x3A, 0xB3, 0x93, 0x4A, 0xB3, 0x93,
    0x5A, 0xB3, 0x93, 0x0F, 0x00, 0x0A,

    //start:0x0093D4, len:10(words), 30(bytes)
    0x80, 0x41, 0x8B, 0x91, 0x41, 0x8B, 0x1F, 0x00, 0x18, 0x2A, 0x40, 0x8B,
    0xCF, 0x2A, 0x22, 0x2A, 0x40, 0x9B, 0x0A, 0x00, 0x40, 0x9F, 0xA2, 0x23,
    0x9A, 0x81, 0x01, 0x1F, 0x00, 0x0A,

};

#define MST_CODEC_PM4_ADDR     0xF000
#define MST_CODEC_PM4_SIZE     0x07D4

BYTE code mst_codec_pm4[]=
{   //PM 4 Addr: 0xF000-0xFFFF[0x1000] Len=0x029C(words)/2004(bytes)
    0x01, 0x01, 0x00, 0xF0, 0xD4, 0x07,

    //start:0x00F000, len:5(words), 15(bytes)
    0x00, 0x00, 0x40, 0xB3, 0x3C, 0x84, 0x82, 0x9B, 0x3F, 0x4D, 0xC3, 0x7B,
    0x7E, 0x64, 0xC0,

    //start:0x00F005, len:5(words), 15(bytes)
    0x00, 0x00, 0x40, 0xB3, 0x3C, 0x84, 0x82, 0x9B, 0x3F, 0x4D, 0xC3, 0x7B,
    0x7E, 0x64, 0xC0,

    //start:0x00F00A, len:5(words), 15(bytes)
    0x00, 0x00, 0x40, 0xB3, 0x3C, 0x84, 0x82, 0x9B, 0x3F, 0x4D, 0xC3, 0x7B,
    0x7E, 0x64, 0xC0,

    //start:0x00F00F, len:5(words), 15(bytes)
    0x00, 0x00, 0x40, 0xB3, 0x3C, 0x84, 0x82, 0x9B, 0x3F, 0x4D, 0xC3, 0x7B,
    0x7E, 0x64, 0xC0,

    //start:0x00F014, len:5(words), 15(bytes)
    0x00, 0x00, 0x40, 0xCC, 0x5E, 0xA6, 0x6B, 0xC1, 0x3E, 0x34, 0xA1, 0x59,
    0x95, 0x3E, 0xC1,

    //start:0x00F019, len:5(words), 15(bytes)
    0x00, 0x00, 0x40, 0xB3, 0x3C, 0x84, 0x82, 0x9B, 0x3F, 0x4D, 0xC3, 0x7B,
    0x7E, 0x64, 0xC0,

    //start:0x00F01E, len:5(words), 15(bytes)
    0x00, 0x00, 0x40, 0xB3, 0x3C, 0x84, 0x82, 0x9B, 0x3F, 0x4D, 0xC3, 0x7B,
    0x7E, 0x64, 0xC0,

    //start:0x00F023, len:5(words), 15(bytes)
    0x00, 0x00, 0x40, 0xCC, 0x5E, 0xA6, 0x6B, 0xC1, 0x3E, 0x34, 0xA1, 0x59,
    0x95, 0x3E, 0xC1,

    //start:0x00F028, len:8(words), 24(bytes)
    0x01, 0x00, 0x00, 0x01, 0x00, 0x00, 0x01, 0x00, 0x00, 0x01, 0x00, 0x00,
    0x01, 0x00, 0x00, 0x01, 0x00, 0x00, 0x01, 0x00, 0x00, 0x01, 0x00, 0x00,

    //start:0x00F030, len:1(words), 3(bytes)
    0xFF, 0xFF, 0xFF,

    //start:0x00F031, len:1(words), 3(bytes)
    0xFF, 0xFF, 0xFF,

    //start:0x00F032, len:5(words), 15(bytes)
    0x0D, 0x69, 0x3F, 0xE7, 0x2D, 0x81, 0x0D, 0x69, 0x3F, 0xB5, 0xD0, 0x7E,
    0x83, 0x2C, 0xC1,

    //start:0x00F037, len:1(words), 3(bytes)
    0x01, 0x00, 0x00,

    //start:0x00F038, len:5(words), 15(bytes)
    0x00, 0x00, 0x40, 0x00, 0x00, 0x00, 0x00, 0x00, 0x00, 0x00, 0x00, 0x00,
    0x00, 0x00, 0x00,

    //start:0x00F03D, len:1(words), 3(bytes)
    0x01, 0x00, 0x00,

    //start:0x00F03E, len:5(words), 15(bytes)
    0x00, 0x00, 0x10, 0x00, 0x00, 0x00, 0x00, 0x00, 0x00, 0x00, 0x00, 0x00,
    0x00, 0x00, 0x00,

    //start:0x00F043, len:1(words), 3(bytes)
    0x03, 0x00, 0x00,

    //start:0x00F044, len:1(words), 3(bytes)
    0x20, 0x00, 0x00,

    //start:0x00F045, len:1(words), 3(bytes)
    0x14, 0x00, 0x00,

    //start:0x00F046, len:1(words), 3(bytes)
    0x00, 0x00, 0x00,

    //start:0x00F047, len:1(words), 3(bytes)
    0x05, 0x00, 0x00,

    //start:0x00F048, len:1(words), 3(bytes)
    0x00, 0x00, 0x00,

    //start:0x00F049, len:1(words), 3(bytes)
    0x80, 0x07, 0x00,

    //start:0x00F04A, len:2(words), 6(bytes)
    0xD7, 0x95, 0x00, 0x28, 0x6A, 0x7F,

    //start:0x00F04C, len:1(words), 3(bytes)
    0xAA, 0xAA, 0x02,

    //start:0x00F04D, len:8(words), 24(bytes)
    0xC0, 0x00, 0x00, 0x80, 0x01, 0x00, 0x00, 0x03, 0x00, 0xC1, 0x03, 0x00,
    0x01, 0x05, 0x00, 0x82, 0x07, 0x00, 0x03, 0x0F, 0x00, 0x01, 0x4B, 0x00,

    //start:0x00F055, len:8(words), 24(bytes)
    0xC0, 0x00, 0x00, 0x80, 0x01, 0x00, 0x00, 0x03, 0x00, 0xC1, 0x03, 0x00,
    0x01, 0x05, 0x00, 0x82, 0x07, 0x00, 0x03, 0x0F, 0x00, 0x01, 0x4B, 0x00,

    //start:0x00F05D, len:1(words), 3(bytes)
    0x87, 0xED, 0x67,

    //start:0x00F05E, len:1(words), 3(bytes)
    0x4B, 0xFE, 0x7F,

    //start:0x00F05F, len:1(words), 3(bytes)
    0x1B, 0x47, 0xC3,

    //start:0x00F060, len:2(words), 6(bytes)
    0x73, 0x53, 0x3D, 0xD7, 0xD8, 0x82,

    //start:0x00F062, len:1(words), 3(bytes)
    0x3E, 0xF4, 0xDB,

    //start:0x00F063, len:2(words), 6(bytes)
    0xB0, 0x9E, 0x2E, 0xDB, 0x66, 0xA1,

    //start:0x00F065, len:1(words), 3(bytes)
    0xB9, 0xAF, 0xC3,

    //start:0x00F066, len:2(words), 6(bytes)
    0x0E, 0xBE, 0x3C, 0xA8, 0x79, 0x83,

    //start:0x00F068, len:1(words), 3(bytes)
    0xA8, 0xFC, 0xC1,

    //start:0x00F069, len:2(words), 6(bytes)
    0xA4, 0x61, 0x3E, 0x71, 0xAE, 0x81,

    //start:0x00F06B, len:1(words), 3(bytes)
    0x1E, 0xDF, 0xC6,

    //start:0x00F06C, len:2(words), 6(bytes)
    0x99, 0xD0, 0x3A, 0x1F, 0xF9, 0x85,

    //start:0x00F06E, len:1(words), 3(bytes)
    0x58, 0xA9, 0xD2,

    //start:0x00F06F, len:2(words), 6(bytes)
    0x9E, 0xE5, 0x31, 0x0C, 0x8D, 0x94,

    //start:0x00F071, len:1(words), 3(bytes)
    0xF6, 0x53, 0xE9,

    //start:0x00F072, len:2(words), 6(bytes)
    0xD0, 0x99, 0x27, 0x75, 0xC8, 0xBE,

    //start:0x00F074, len:20(words), 60(bytes)
    0x00, 0x00, 0x40, 0x00, 0x00, 0x00, 0x00, 0x00, 0x00, 0x00, 0x00, 0x00,
    0x00, 0x00, 0x00, 0x0C, 0x25, 0x40, 0xF6, 0x5F, 0x82, 0xDF, 0x88, 0x3D,
    0x77, 0xA1, 0x7D, 0x82, 0x53, 0xC2, 0xB5, 0x4E, 0x40, 0xC2, 0x61, 0x82,
    0x02, 0x61, 0x3D, 0x77, 0xA1, 0x7D, 0x82, 0x53, 0xC2, 0x94, 0x7D, 0x40,
    0x05, 0x64, 0x82, 0x66, 0x34, 0x3D, 0x77, 0xA1, 0x7D, 0x82, 0x53, 0xC2,

    //start:0x00F088, len:20(words), 60(bytes)
    0x00, 0x00, 0x00, 0x00, 0x00, 0x00, 0x00, 0x00, 0x00, 0x00, 0x00, 0x00,
    0x00, 0x00, 0x00, 0x00, 0x00, 0x00, 0x00, 0x00, 0x00, 0x00, 0x00, 0x00,
    0x00, 0x00, 0x00, 0x00, 0x00, 0x00, 0x00, 0x00, 0x00, 0x00, 0x00, 0x00,
    0x00, 0x00, 0x00, 0x00, 0x00, 0x00, 0x00, 0x00, 0x00, 0x00, 0x00, 0x00,
    0x00, 0x00, 0x00, 0x00, 0x00, 0x00, 0x00, 0x00, 0x00, 0x00, 0x00, 0x00,

    //start:0x00F09C, len:100(words), 300(bytes)
    0x00, 0x00, 0x00, 0x00, 0x00, 0x00, 0x00, 0x00, 0x00, 0x00, 0x00, 0x00,
    0x00, 0x00, 0x00, 0x00, 0x00, 0x00, 0x00, 0x00, 0x00, 0x00, 0x00, 0x00,
    0x00, 0x00, 0x00, 0x00, 0x00, 0x00, 0x00, 0x00, 0x00, 0x00, 0x00, 0x00,
    0x00, 0x00, 0x00, 0x00, 0x00, 0x00, 0x00, 0x00, 0x00, 0x00, 0x00, 0x00,
    0x00, 0x00, 0x00, 0x00, 0x00, 0x00, 0x00, 0x00, 0x00, 0x00, 0x00, 0x00,
    0x00, 0x00, 0x00, 0x00, 0x00, 0x00, 0x00, 0x00, 0x00, 0x00, 0x00, 0x00,
    0x00, 0x00, 0x00, 0x00, 0x00, 0x00, 0x00, 0x00, 0x00, 0x00, 0x00, 0x00,
    0x00, 0x00, 0x00, 0x00, 0x00, 0x00, 0x00, 0x00, 0x00, 0x00, 0x00, 0x00,
    0x00, 0x00, 0x00, 0x00, 0x00, 0x00, 0x00, 0x00, 0x00, 0x00, 0x00, 0x00,
    0x00, 0x00, 0x00, 0x00, 0x00, 0x00, 0x00, 0x00, 0x00, 0x00, 0x00, 0x00,
    0x00, 0x00, 0x00, 0x00, 0x00, 0x00, 0x00, 0x00, 0x00, 0x00, 0x00, 0x00,
    0x00, 0x00, 0x00, 0x00, 0x00, 0x00, 0x00, 0x00, 0x00, 0x00, 0x00, 0x00,
    0x00, 0x00, 0x00, 0x00, 0x00, 0x00, 0x00, 0x00, 0x00, 0x00, 0x00, 0x00,
    0x00, 0x00, 0x00, 0x00, 0x00, 0x00, 0x00, 0x00, 0x00, 0x00, 0x00, 0x00,
    0x00, 0x00, 0x00, 0x00, 0x00, 0x00, 0x00, 0x00, 0x00, 0x00, 0x00, 0x00,
    0x00, 0x00, 0x00, 0x00, 0x00, 0x00, 0x00, 0x00, 0x00, 0x00, 0x00, 0x00,
    0x00, 0x00, 0x00, 0x00, 0x00, 0x00, 0x00, 0x00, 0x00, 0x00, 0x00, 0x00,
    0x00, 0x00, 0x00, 0x00, 0x00, 0x00, 0x00, 0x00, 0x00, 0x00, 0x00, 0x00,
    0x00, 0x00, 0x00, 0x00, 0x00, 0x00, 0x00, 0x00, 0x00, 0x00, 0x00, 0x00,
    0x00, 0x00, 0x00, 0x00, 0x00, 0x00, 0x00, 0x00, 0x00, 0x00, 0x00, 0x00,
    0x00, 0x00, 0x00, 0x00, 0x00, 0x00, 0x00, 0x00, 0x00, 0x00, 0x00, 0x00,
    0x00, 0x00, 0x00, 0x00, 0x00, 0x00, 0x00, 0x00, 0x00, 0x00, 0x00, 0x00,
    0x00, 0x00, 0x00, 0x00, 0x00, 0x00, 0x00, 0x00, 0x00, 0x00, 0x00, 0x00,
    0x00, 0x00, 0x00, 0x00, 0x00, 0x00, 0x00, 0x00, 0x00, 0x00, 0x00, 0x00,
    0x00, 0x00, 0x00, 0x00, 0x00, 0x00, 0x00, 0x00, 0x00, 0x00, 0x00, 0x00,

    //start:0x00F100, len:5(words), 15(bytes)
    0x00, 0x00, 0x40, 0x92, 0x51, 0x84, 0x5E, 0xF2, 0x3B, 0x6E, 0xAE, 0x7B,
    0xA2, 0x0D, 0xC4,

    //start:0x00F105, len:5(words), 15(bytes)
    0x00, 0x00, 0x40, 0xAF, 0xDE, 0x88, 0x7A, 0x28, 0x38, 0x51, 0x21, 0x77,
    0x86, 0xD7, 0xC7,

    //start:0x00F10A, len:5(words), 15(bytes)
    0x00, 0x00, 0x40, 0xF3, 0x9D, 0x8D, 0xB8, 0x9F, 0x34, 0x0D, 0x62, 0x72,
    0x48, 0x60, 0xCB,

    //start:0x00F10F, len:5(words), 15(bytes)
    0x00, 0x00, 0x40, 0x37, 0x87, 0x92, 0x64, 0x55, 0x31, 0xC9, 0x78, 0x6D,
    0x9C, 0xAA, 0xCE,

    //start:0x00F114, len:5(words), 15(bytes)
    0x00, 0x00, 0x40, 0x71, 0x93, 0x97, 0xC3, 0x46, 0x2E, 0x8F, 0x6C, 0x68,
    0x3D, 0xB9, 0xD1,

    //start:0x00F119, len:5(words), 15(bytes)
    0x00, 0x00, 0x40, 0x95, 0xBC, 0x9C, 0x1F, 0x71, 0x2B, 0x6B, 0x43, 0x63,
    0xE1, 0x8E, 0xD4,

    //start:0x00F11E, len:5(words), 15(bytes)
    0x00, 0x00, 0x40, 0x74, 0xFD, 0xA1, 0xD9, 0xD1, 0x28, 0x8C, 0x02, 0x5E,
    0x27, 0x2E, 0xD7,

    //start:0x00F123, len:5(words), 15(bytes)
    0x00, 0x00, 0x40, 0xAA, 0x51, 0xA7, 0x66, 0x66, 0x26, 0x56, 0xAE, 0x58,
    0x9A, 0x99, 0xD9,

    //start:0x00F128, len:8(words), 24(bytes)
    0x01, 0x00, 0x00, 0x01, 0x00, 0x00, 0x01, 0x00, 0x00, 0x01, 0x00, 0x00,
    0x01, 0x00, 0x00, 0x01, 0x00, 0x00, 0x01, 0x00, 0x00, 0x01, 0x00, 0x00,

    //start:0x00F130, len:1(words), 3(bytes)
    0xFF, 0xFF, 0xFF,

    //start:0x00F131, len:1(words), 3(bytes)
    0xFF, 0xFF, 0xFF,

    //start:0x00F132, len:5(words), 15(bytes)
    0x5A, 0xB4, 0x3F, 0x4D, 0x97, 0x80, 0x5A, 0xB4, 0x3F, 0x5A, 0x68, 0x7F,
    0xF3, 0x96, 0xC0,

    //start:0x00F137, len:1(words), 3(bytes)
    0x01, 0x00, 0x00,

    //start:0x00F138, len:5(words), 15(bytes)
    0x00, 0x00, 0x40, 0x00, 0x00, 0x00, 0x00, 0x00, 0x00, 0x00, 0x00, 0x00,
    0x00, 0x00, 0x00,

    //start:0x00F13D, len:1(words), 3(bytes)
    0x01, 0x00, 0x00,

    //start:0x00F13E, len:5(words), 15(bytes)
    0x00, 0x00, 0x10, 0x00, 0x00, 0x00, 0x00, 0x00, 0x00, 0x00, 0x00, 0x00,
    0x00, 0x00, 0x00,

    //start:0x00F143, len:1(words), 3(bytes)
    0x03, 0x00, 0x00,

    //start:0x00F144, len:1(words), 3(bytes)
    0x20, 0x00, 0x00,

    //start:0x00F145, len:1(words), 3(bytes)
    0x14, 0x00, 0x00,

    //start:0x00F146, len:1(words), 3(bytes)
    0x00, 0x00, 0x00,

    //start:0x00F147, len:1(words), 3(bytes)
    0x05, 0x00, 0x00,

    //start:0x00F148, len:1(words), 3(bytes)
    0x00, 0x00, 0x00,

    //start:0x00F149, len:1(words), 3(bytes)
    0x00, 0x0F, 0x00,

    //start:0x00F14A, len:2(words), 6(bytes)
    0x01, 0x4B, 0x00, 0xFE, 0xB4, 0x7F,

    //start:0x00F14C, len:1(words), 3(bytes)
    0x55, 0x55, 0x01,

    //start:0x00F14D, len:8(words), 24(bytes)
    0x60, 0x00, 0x00, 0xC0, 0x00, 0x00, 0x80, 0x01, 0x00, 0xE0, 0x01, 0x00,
    0x80, 0x02, 0x00, 0xC1, 0x03, 0x00, 0x82, 0x07, 0x00, 0x86, 0x25, 0x00,

    //start:0x00F155, len:8(words), 24(bytes)
    0x60, 0x00, 0x00, 0xC0, 0x00, 0x00, 0x80, 0x01, 0x00, 0xE0, 0x01, 0x00,
    0x80, 0x02, 0x00, 0xC1, 0x03, 0x00, 0x82, 0x07, 0x00, 0x86, 0x25, 0x00,

    //start:0x00F15D, len:1(words), 3(bytes)
    0x6D, 0x56, 0x73,

    //start:0x00F15E, len:1(words), 3(bytes)
    0x25, 0xFF, 0x7F,

    //start:0x00F15F, len:1(words), 3(bytes)
    0xFA, 0xA8, 0xC1,

    //start:0x00F160, len:2(words), 6(bytes)
    0xF3, 0xA5, 0x3E, 0x3F, 0x65, 0x81,

    //start:0x00F162, len:1(words), 3(bytes)
    0xAF, 0xD8, 0xDF,

    //start:0x00F163, len:2(words), 6(bytes)
    0xB4, 0x59, 0x25, 0x22, 0xB0, 0xAE,

    //start:0x00F165, len:1(words), 3(bytes)
    0xFA, 0xA8, 0xC1,

    //start:0x00F166, len:2(words), 6(bytes)
    0xF3, 0xA5, 0x3E, 0x3F, 0x65, 0x81,

    //start:0x00F168, len:1(words), 3(bytes)
    0x50, 0x00, 0xC1,

    //start:0x00F169, len:2(words), 6(bytes)
    0x78, 0x2F, 0x3F, 0x94, 0xD4, 0x80,

    //start:0x00F16B, len:1(words), 3(bytes)
    0x95, 0x87, 0xC3,

    //start:0x00F16C, len:2(words), 6(bytes)
    0x28, 0x59, 0x3D, 0x69, 0xDA, 0x82,

    //start:0x00F16E, len:1(words), 3(bytes)
    0xC2, 0x0A, 0xCA,

    //start:0x00F16F, len:2(words), 6(bytes)
    0xF4, 0x66, 0x38, 0x9D, 0x54, 0x89,

    //start:0x00F171, len:1(words), 3(bytes)
    0xCF, 0x18, 0xD8,

    //start:0x00F172, len:2(words), 6(bytes)
    0xE0, 0xEE, 0x30, 0x5D, 0x98, 0x9A,

    //start:0x00F174, len:20(words), 60(bytes)
    0x00, 0x00, 0x40, 0x00, 0x00, 0x00, 0x00, 0x00, 0x00, 0x00, 0x00, 0x00,
    0x00, 0x00, 0x00, 0x84, 0x12, 0x40, 0xA7, 0x2F, 0x81, 0x56, 0xC1, 0x3E,
    0xB5, 0xD0, 0x7E, 0x83, 0x2C, 0xC1, 0x50, 0x27, 0x40, 0x1B, 0x30, 0x81,
    0xFE, 0xAC, 0x3E, 0xB5, 0xD0, 0x7E, 0x83, 0x2C, 0xC1, 0xAE, 0x3E, 0x40,
    0xAD, 0x30, 0x81, 0x32, 0x96, 0x3E, 0xB5, 0xD0, 0x7E, 0x83, 0x2C, 0xC1,

    //start:0x00F188, len:20(words), 60(bytes)
    0x00, 0x00, 0x00, 0x00, 0x00, 0x00, 0x00, 0x00, 0x00, 0x00, 0x00, 0x00,
    0x00, 0x00, 0x00, 0x00, 0x00, 0x00, 0x00, 0x00, 0x00, 0x00, 0x00, 0x00,
    0x00, 0x00, 0x00, 0x00, 0x00, 0x00, 0x00, 0x00, 0x00, 0x00, 0x00, 0x00,
    0x00, 0x00, 0x00, 0x00, 0x00, 0x00, 0x00, 0x00, 0x00, 0x00, 0x00, 0x00,
    0x00, 0x00, 0x00, 0x00, 0x00, 0x00, 0x00, 0x00, 0x00, 0x00, 0x00, 0x00,

    //start:0x00F19C, len:100(words), 300(bytes)
    0x00, 0x00, 0x00, 0x00, 0x00, 0x00, 0x00, 0x00, 0x00, 0x00, 0x00, 0x00,
    0x00, 0x00, 0x00, 0x00, 0x00, 0x00, 0x00, 0x00, 0x00, 0x00, 0x00, 0x00,
    0x00, 0x00, 0x00, 0x00, 0x00, 0x00, 0x00, 0x00, 0x00, 0x00, 0x00, 0x00,
    0x00, 0x00, 0x00, 0x00, 0x00, 0x00, 0x00, 0x00, 0x00, 0x00, 0x00, 0x00,
    0x00, 0x00, 0x00, 0x00, 0x00, 0x00, 0x00, 0x00, 0x00, 0x00, 0x00, 0x00,
    0x00, 0x00, 0x00, 0x00, 0x00, 0x00, 0x00, 0x00, 0x00, 0x00, 0x00, 0x00,
    0x00, 0x00, 0x00, 0x00, 0x00, 0x00, 0x00, 0x00, 0x00, 0x00, 0x00, 0x00,
    0x00, 0x00, 0x00, 0x00, 0x00, 0x00, 0x00, 0x00, 0x00, 0x00, 0x00, 0x00,
    0x00, 0x00, 0x00, 0x00, 0x00, 0x00, 0x00, 0x00, 0x00, 0x00, 0x00, 0x00,
    0x00, 0x00, 0x00, 0x00, 0x00, 0x00, 0x00, 0x00, 0x00, 0x00, 0x00, 0x00,
    0x00, 0x00, 0x00, 0x00, 0x00, 0x00, 0x00, 0x00, 0x00, 0x00, 0x00, 0x00,
    0x00, 0x00, 0x00, 0x00, 0x00, 0x00, 0x00, 0x00, 0x00, 0x00, 0x00, 0x00,
    0x00, 0x00, 0x00, 0x00, 0x00, 0x00, 0x00, 0x00, 0x00, 0x00, 0x00, 0x00,
    0x00, 0x00, 0x00, 0x00, 0x00, 0x00, 0x00, 0x00, 0x00, 0x00, 0x00, 0x00,
    0x00, 0x00, 0x00, 0x00, 0x00, 0x00, 0x00, 0x00, 0x00, 0x00, 0x00, 0x00,
    0x00, 0x00, 0x00, 0x00, 0x00, 0x00, 0x00, 0x00, 0x00, 0x00, 0x00, 0x00,
    0x00, 0x00, 0x00, 0x00, 0x00, 0x00, 0x00, 0x00, 0x00, 0x00, 0x00, 0x00,
    0x00, 0x00, 0x00, 0x00, 0x00, 0x00, 0x00, 0x00, 0x00, 0x00, 0x00, 0x00,
    0x00, 0x00, 0x00, 0x00, 0x00, 0x00, 0x00, 0x00, 0x00, 0x00, 0x00, 0x00,
    0x00, 0x00, 0x00, 0x00, 0x00, 0x00, 0x00, 0x00, 0x00, 0x00, 0x00, 0x00,
    0x00, 0x00, 0x00, 0x00, 0x00, 0x00, 0x00, 0x00, 0x00, 0x00, 0x00, 0x00,
    0x00, 0x00, 0x00, 0x00, 0x00, 0x00, 0x00, 0x00, 0x00, 0x00, 0x00, 0x00,
    0x00, 0x00, 0x00, 0x00, 0x00, 0x00, 0x00, 0x00, 0x00, 0x00, 0x00, 0x00,
    0x00, 0x00, 0x00, 0x00, 0x00, 0x00, 0x00, 0x00, 0x00, 0x00, 0x00, 0x00,
    0x00, 0x00, 0x00, 0x00, 0x00, 0x00, 0x00, 0x00, 0x00, 0x00, 0x00, 0x00,

    //start:0x00F200, len:5(words), 15(bytes)
    0x00, 0x00, 0x40, 0xB4, 0x20, 0x82, 0x8F, 0xF0, 0x3D, 0x4C, 0xDF, 0x7D,
    0x71, 0x0F, 0xC2,

    //start:0x00F205, len:5(words), 15(bytes)
    0x00, 0x00, 0x40, 0x92, 0x51, 0x84, 0x5E, 0xF2, 0x3B, 0x6E, 0xAE, 0x7B,
    0xA2, 0x0D, 0xC4,

    //start:0x00F20A, len:5(words), 15(bytes)
    0x00, 0x00, 0x40, 0x4D, 0x91, 0x86, 0x1D, 0x05, 0x3A, 0xB3, 0x6E, 0x79,
    0xE3, 0xFA, 0xC5,

    //start:0x00F20F, len:5(words), 15(bytes)
    0x00, 0x00, 0x40, 0xAF, 0xDE, 0x88, 0x7A, 0x28, 0x38, 0x51, 0x21, 0x77,
    0x86, 0xD7, 0xC7,

    //start:0x00F214, len:5(words), 15(bytes)
    0x00, 0x00, 0x40, 0x96, 0x38, 0x8B, 0x20, 0x5C, 0x36, 0x6A, 0xC7, 0x74,
    0xE0, 0xA3, 0xC9,

    //start:0x00F219, len:5(words), 15(bytes)
    0x00, 0x00, 0x40, 0xF3, 0x9D, 0x8D, 0xB8, 0x9F, 0x34, 0x0D, 0x62, 0x72,
    0x48, 0x60, 0xCB,

    //start:0x00F21E, len:5(words), 15(bytes)
    0x00, 0x00, 0x40, 0xCC, 0x0D, 0x90, 0xEC, 0xF2, 0x32, 0x34, 0xF2, 0x6F,
    0x14, 0x0D, 0xCD,

    //start:0x00F223, len:5(words), 15(bytes)
    0x00, 0x00, 0x40, 0x37, 0x87, 0x92, 0x64, 0x55, 0x31, 0xC9, 0x78, 0x6D,
    0x9C, 0xAA, 0xCE,

    //start:0x00F228, len:8(words), 24(bytes)
    0x01, 0x00, 0x00, 0x01, 0x00, 0x00, 0x01, 0x00, 0x00, 0x01, 0x00, 0x00,
    0x01, 0x00, 0x00, 0x01, 0x00, 0x00, 0x01, 0x00, 0x00, 0x01, 0x00, 0x00,

    //start:0x00F230, len:1(words), 3(bytes)
    0xFF, 0xFF, 0xFF,

    //start:0x00F231, len:1(words), 3(bytes)
    0xFF, 0xFF, 0xFF,

    //start:0x00F232, len:5(words), 15(bytes)
    0x22, 0xDA, 0x3F, 0xBD, 0x4B, 0x80, 0x22, 0xDA, 0x3F, 0x2D, 0xB4, 0x7F,
    0xA6, 0x4B, 0xC0,

    //start:0x00F237, len:1(words), 3(bytes)
    0x01, 0x00, 0x00,

    //start:0x00F238, len:5(words), 15(bytes)
    0x00, 0x00, 0x40, 0x00, 0x00, 0x00, 0x00, 0x00, 0x00, 0x00, 0x00, 0x00,
    0x00, 0x00, 0x00,

    //start:0x00F23D, len:1(words), 3(bytes)
    0x01, 0x00, 0x00,

    //start:0x00F23E, len:5(words), 15(bytes)
    0x00, 0x00, 0x10, 0x00, 0x00, 0x00, 0x00, 0x00, 0x00, 0x00, 0x00, 0x00,
    0x00, 0x00, 0x00,

    //start:0x00F243, len:1(words), 3(bytes)
    0x03, 0x00, 0x00,

    //start:0x00F244, len:1(words), 3(bytes)
    0x20, 0x00, 0x00,

    //start:0x00F245, len:1(words), 3(bytes)
    0x14, 0x00, 0x00,

    //start:0x00F246, len:1(words), 3(bytes)
    0x00, 0x00, 0x00,

    //start:0x00F247, len:1(words), 3(bytes)
    0x05, 0x00, 0x00,

    //start:0x00F248, len:1(words), 3(bytes)
    0x00, 0x00, 0x00,

    //start:0x00F249, len:1(words), 3(bytes)
    0x00, 0x1E, 0x00,

    //start:0x00F24A, len:2(words), 6(bytes)
    0xBE, 0x03, 0x00, 0x41, 0xFC, 0x7F,

    //start:0x00F24C, len:1(words), 3(bytes)
    0xAA, 0xAA, 0x00,

    //start:0x00F24D, len:8(words), 24(bytes)
    0x30, 0x00, 0x00, 0x60, 0x00, 0x00, 0xC0, 0x00, 0x00, 0xF0, 0x00, 0x00,
    0x40, 0x01, 0x00, 0xE0, 0x01, 0x00, 0xC1, 0x03, 0x00, 0xC4, 0x12, 0x00,

    //start:0x00F255, len:8(words), 24(bytes)
    0x30, 0x00, 0x00, 0x60, 0x00, 0x00, 0xC0, 0x00, 0x00, 0xF0, 0x00, 0x00,
    0x40, 0x01, 0x00, 0xE0, 0x01, 0x00, 0xC1, 0x03, 0x00, 0xC4, 0x12, 0x00,

    //start:0x00F25D, len:1(words), 3(bytes)
    0x04, 0x81, 0x79,

    //start:0x00F25E, len:1(words), 3(bytes)
    0x92, 0xFF, 0x7F,

    //start:0x00F25F, len:1(words), 3(bytes)
    0xDF, 0xD5, 0xC0,

    //start:0x00F260, len:2(words), 6(bytes)
    0x09, 0x52, 0x3F, 0xC7, 0xB0, 0x80,

    //start:0x00F262, len:1(words), 3(bytes)
    0x4C, 0x43, 0xC8,

    //start:0x00F263, len:2(words), 6(bytes)
    0x3A, 0xE2, 0x3A, 0xF9, 0x47, 0x86,

    //start:0x00F265, len:1(words), 3(bytes)
    0xDF, 0xD5, 0xC0,

    //start:0x00F266, len:2(words), 6(bytes)
    0x09, 0x52, 0x3F, 0xC7, 0xB0, 0x80,

    //start:0x00F268, len:1(words), 3(bytes)
    0xA9, 0x80, 0xC0,

    //start:0x00F269, len:2(words), 6(bytes)
    0x65, 0x97, 0x3F, 0x9E, 0x69, 0x80,

    //start:0x00F26B, len:1(words), 3(bytes)
    0x14, 0xCA, 0xC1,

    //start:0x00F26C, len:2(words), 6(bytes)
    0xD8, 0xA8, 0x3E, 0x30, 0x64, 0x81,

    //start:0x00F26E, len:1(words), 3(bytes)
    0x16, 0x39, 0xC5,

    //start:0x00F26F, len:2(words), 6(bytes)
    0x0B, 0x11, 0x3C, 0xB4, 0x61, 0x84,

    //start:0x00F271, len:1(words), 3(bytes)
    0x60, 0x38, 0xCD,

    //start:0x00F272, len:2(words), 6(bytes)
    0x94, 0xBF, 0x37, 0x24, 0x63, 0x8B,

    //start:0x00F274, len:20(words), 60(bytes)
    0x00, 0x00, 0x40, 0x00, 0x00, 0x00, 0x00, 0x00, 0x00, 0x00, 0x00, 0x00,
    0x00, 0x00, 0x00, 0x41, 0x09, 0x40, 0xBD, 0x97, 0x80, 0xE3, 0x5F, 0x3F,
    0x5A, 0x68, 0x7F, 0xF3, 0x96, 0xC0, 0xA5, 0x13, 0x40, 0xDB, 0x97, 0x80,
    0x9C, 0x55, 0x3F, 0x5A, 0x68, 0x7F, 0xF3, 0x96, 0xC0, 0x4F, 0x1F, 0x40,
    0xFF, 0x97, 0x80, 0x16, 0x4A, 0x3F, 0x5A, 0x68, 0x7F, 0xF3, 0x96, 0xC0,

    //start:0x00F288, len:20(words), 60(bytes)
    0x00, 0x00, 0x00, 0x00, 0x00, 0x00, 0x00, 0x00, 0x00, 0x00, 0x00, 0x00,
    0x00, 0x00, 0x00, 0x00, 0x00, 0x00, 0x00, 0x00, 0x00, 0x00, 0x00, 0x00,
    0x00, 0x00, 0x00, 0x00, 0x00, 0x00, 0x00, 0x00, 0x00, 0x00, 0x00, 0x00,
    0x00, 0x00, 0x00, 0x00, 0x00, 0x00, 0x00, 0x00, 0x00, 0x00, 0x00, 0x00,
    0x00, 0x00, 0x00, 0x00, 0x00, 0x00, 0x00, 0x00, 0x00, 0x00, 0x00, 0x00,

};

//Total: [PM1 0x0F73/1000 words] [PM2 0x0280/02FF words] [PM3 0x13DE/2000 words] [PM4 0x029C/1000 words]
//Zero padding Addr:0x002217, len=2
//Zero padding Addr:0x00F032, len=5
//Zero padding Addr:0x00F06E, len=1
//Zero padding Addr:0x00F088, len=20
//Version:[88.0D.5F](codec)
//Time: 2016/04/06 21:39:54
//Generated by MStar Audio DSP Pack Utility Ver. 4.46.00 <richard.ni>
